Category,AccidentType,Year,Month,Value
Alkoholunfälle,insgesamt,2021,Summe,383
Alkoholunfälle,insgesamt,2021,202101,16
Alkoholunfälle,insgesamt,2021,202102,14
Alkoholunfälle,insgesamt,2021,202103,24
Alkoholunfälle,insgesamt,2021,202104,16
Alkoholunfälle,insgesamt,2021,202105,24
Alkoholunfälle,insgesamt,2021,202106,48
Alkoholunfälle,insgesamt,2021,202107,44
Alkoholunfälle,insgesamt,2021,202108,46
Alkoholunfälle,insgesamt,2021,202109,54
Alkoholunfälle,insgesamt,2021,202110,43
Alkoholunfälle,insgesamt,2021,202111,33
Alkoholunfälle,insgesamt,2021,202112,21
Alkoholunfälle,insgesamt,2020,Summe,430
Alkoholunfälle,insgesamt,2020,202001,28
Alkoholunfälle,insgesamt,2020,202002,40
Alkoholunfälle,insgesamt,2020,202003,27
Alkoholunfälle,insgesamt,2020,202004,26
Alkoholunfälle,insgesamt,2020,202005,40
Alkoholunfälle,insgesamt,2020,202006,49
Alkoholunfälle,insgesamt,2020,202007,58
Alkoholunfälle,insgesamt,2020,202008,46
Alkoholunfälle,insgesamt,2020,202009,46
Alkoholunfälle,insgesamt,2020,202010,34
Alkoholunfälle,insgesamt,2020,202011,23
Alkoholunfälle,insgesamt,2020,202012,13
Alkoholunfälle,insgesamt,2019,Summe,434
Alkoholunfälle,insgesamt,2019,201901,22
Alkoholunfälle,insgesamt,2019,201902,28
Alkoholunfälle,insgesamt,2019,201903,34
Alkoholunfälle,insgesamt,2019,201904,36
Alkoholunfälle,insgesamt,2019,201905,39
Alkoholunfälle,insgesamt,2019,201906,40
Alkoholunfälle,insgesamt,2019,201907,48
Alkoholunfälle,insgesamt,2019,201908,31
Alkoholunfälle,insgesamt,2019,201909,47
Alkoholunfälle,insgesamt,2019,201910,45
Alkoholunfälle,insgesamt,2019,201911,29
Alkoholunfälle,insgesamt,2019,201912,35
Alkoholunfälle,insgesamt,2018,Summe,398
Alkoholunfälle,insgesamt,2018,201801,22
Alkoholunfälle,insgesamt,2018,201802,24
Alkoholunfälle,insgesamt,2018,201803,32
Alkoholunfälle,insgesamt,2018,201804,25
Alkoholunfälle,insgesamt,2018,201805,34
Alkoholunfälle,insgesamt,2018,201806,39
Alkoholunfälle,insgesamt,2018,201807,51
Alkoholunfälle,insgesamt,2018,201808,40
Alkoholunfälle,insgesamt,2018,201809,36
Alkoholunfälle,insgesamt,2018,201810,43
Alkoholunfälle,insgesamt,2018,201811,31
Alkoholunfälle,insgesamt,2018,201812,21
Alkoholunfälle,insgesamt,2017,Summe,409
Alkoholunfälle,insgesamt,2017,201701,19
Alkoholunfälle,insgesamt,2017,201702,22
Alkoholunfälle,insgesamt,2017,201703,36
Alkoholunfälle,insgesamt,2017,201704,26
Alkoholunfälle,insgesamt,2017,201705,29
Alkoholunfälle,insgesamt,2017,201706,41
Alkoholunfälle,insgesamt,2017,201707,52
Alkoholunfälle,insgesamt,2017,201708,30
Alkoholunfälle,insgesamt,2017,201709,47
Alkoholunfälle,insgesamt,2017,201710,32
Alkoholunfälle,insgesamt,2017,201711,33
Alkoholunfälle,insgesamt,2017,201712,42
Alkoholunfälle,insgesamt,2016,Summe,301
Alkoholunfälle,insgesamt,2016,201601,21
Alkoholunfälle,insgesamt,2016,201602,10
Alkoholunfälle,insgesamt,2016,201603,20
Alkoholunfälle,insgesamt,2016,201604,27
Alkoholunfälle,insgesamt,2016,201605,25
Alkoholunfälle,insgesamt,2016,201606,30
Alkoholunfälle,insgesamt,2016,201607,35
Alkoholunfälle,insgesamt,2016,201608,34
Alkoholunfälle,insgesamt,2016,201609,29
Alkoholunfälle,insgesamt,2016,201610,30
Alkoholunfälle,insgesamt,2016,201611,20
Alkoholunfälle,insgesamt,2016,201612,20
Alkoholunfälle,insgesamt,2015,Summe,411
Alkoholunfälle,insgesamt,2015,201501,22
Alkoholunfälle,insgesamt,2015,201502,23
Alkoholunfälle,insgesamt,2015,201503,23
Alkoholunfälle,insgesamt,2015,201504,29
Alkoholunfälle,insgesamt,2015,201505,50
Alkoholunfälle,insgesamt,2015,201506,39
Alkoholunfälle,insgesamt,2015,201507,49
Alkoholunfälle,insgesamt,2015,201508,49
Alkoholunfälle,insgesamt,2015,201509,45
Alkoholunfälle,insgesamt,2015,201510,25
Alkoholunfälle,insgesamt,2015,201511,30
Alkoholunfälle,insgesamt,2015,201512,27
Alkoholunfälle,insgesamt,2014,Summe,382
Alkoholunfälle,insgesamt,2014,201401,21
Alkoholunfälle,insgesamt,2014,201402,17
Alkoholunfälle,insgesamt,2014,201403,37
Alkoholunfälle,insgesamt,2014,201404,35
Alkoholunfälle,insgesamt,2014,201405,28
Alkoholunfälle,insgesamt,2014,201406,31
Alkoholunfälle,insgesamt,2014,201407,35
Alkoholunfälle,insgesamt,2014,201408,32
Alkoholunfälle,insgesamt,2014,201409,43
Alkoholunfälle,insgesamt,2014,201410,36
Alkoholunfälle,insgesamt,2014,201411,42
Alkoholunfälle,insgesamt,2014,201412,25
Alkoholunfälle,insgesamt,2013,Summe,377
Alkoholunfälle,insgesamt,2013,201301,17
Alkoholunfälle,insgesamt,2013,201302,15
Alkoholunfälle,insgesamt,2013,201303,21
Alkoholunfälle,insgesamt,2013,201304,28
Alkoholunfälle,insgesamt,2013,201305,33
Alkoholunfälle,insgesamt,2013,201306,37
Alkoholunfälle,insgesamt,2013,201307,42
Alkoholunfälle,insgesamt,2013,201308,39
Alkoholunfälle,insgesamt,2013,201309,47
Alkoholunfälle,insgesamt,2013,201310,31
Alkoholunfälle,insgesamt,2013,201311,35
Alkoholunfälle,insgesamt,2013,201312,32
Alkoholunfälle,insgesamt,2012,Summe,440
Alkoholunfälle,insgesamt,2012,201201,21
Alkoholunfälle,insgesamt,2012,201202,18
Alkoholunfälle,insgesamt,2012,201203,21
Alkoholunfälle,insgesamt,2012,201204,34
Alkoholunfälle,insgesamt,2012,201205,54
Alkoholunfälle,insgesamt,2012,201206,43
Alkoholunfälle,insgesamt,2012,201207,56
Alkoholunfälle,insgesamt,2012,201208,55
Alkoholunfälle,insgesamt,2012,201209,49
Alkoholunfälle,insgesamt,2012,201210,32
Alkoholunfälle,insgesamt,2012,201211,30
Alkoholunfälle,insgesamt,2012,201212,27
Alkoholunfälle,insgesamt,2011,Summe,397
Alkoholunfälle,insgesamt,2011,201101,25
Alkoholunfälle,insgesamt,2011,201102,25
Alkoholunfälle,insgesamt,2011,201103,22
Alkoholunfälle,insgesamt,2011,201104,43
Alkoholunfälle,insgesamt,2011,201105,43
Alkoholunfälle,insgesamt,2011,201106,27
Alkoholunfälle,insgesamt,2011,201107,39
Alkoholunfälle,insgesamt,2011,201108,34
Alkoholunfälle,insgesamt,2011,201109,36
Alkoholunfälle,insgesamt,2011,201110,26
Alkoholunfälle,insgesamt,2011,201111,40
Alkoholunfälle,insgesamt,2011,201112,37
Alkoholunfälle,insgesamt,2010,Summe,402
Alkoholunfälle,insgesamt,2010,201001,19
Alkoholunfälle,insgesamt,2010,201002,23
Alkoholunfälle,insgesamt,2010,201003,31
Alkoholunfälle,insgesamt,2010,201004,33
Alkoholunfälle,insgesamt,2010,201005,34
Alkoholunfälle,insgesamt,2010,201006,39
Alkoholunfälle,insgesamt,2010,201007,48
Alkoholunfälle,insgesamt,2010,201008,40
Alkoholunfälle,insgesamt,2010,201009,54
Alkoholunfälle,insgesamt,2010,201010,27
Alkoholunfälle,insgesamt,2010,201011,28
Alkoholunfälle,insgesamt,2010,201012,26
Alkoholunfälle,insgesamt,2009,Summe,430
Alkoholunfälle,insgesamt,2009,200901,23
Alkoholunfälle,insgesamt,2009,200902,32
Alkoholunfälle,insgesamt,2009,200903,14
Alkoholunfälle,insgesamt,2009,200904,45
Alkoholunfälle,insgesamt,2009,200905,57
Alkoholunfälle,insgesamt,2009,200906,31
Alkoholunfälle,insgesamt,2009,200907,44
Alkoholunfälle,insgesamt,2009,200908,35
Alkoholunfälle,insgesamt,2009,200909,49
Alkoholunfälle,insgesamt,2009,200910,35
Alkoholunfälle,insgesamt,2009,200911,31
Alkoholunfälle,insgesamt,2009,200912,34
Alkoholunfälle,insgesamt,2008,Summe,482
Alkoholunfälle,insgesamt,2008,200801,32
Alkoholunfälle,insgesamt,2008,200802,30
Alkoholunfälle,insgesamt,2008,200803,30
Alkoholunfälle,insgesamt,2008,200804,25
Alkoholunfälle,insgesamt,2008,200805,57
Alkoholunfälle,insgesamt,2008,200806,56
Alkoholunfälle,insgesamt,2008,200807,52
Alkoholunfälle,insgesamt,2008,200808,44
Alkoholunfälle,insgesamt,2008,200809,49
Alkoholunfälle,insgesamt,2008,200810,45
Alkoholunfälle,insgesamt,2008,200811,27
Alkoholunfälle,insgesamt,2008,200812,35
Alkoholunfälle,insgesamt,2007,Summe,560
Alkoholunfälle,insgesamt,2007,200701,36
Alkoholunfälle,insgesamt,2007,200702,32
Alkoholunfälle,insgesamt,2007,200703,38
Alkoholunfälle,insgesamt,2007,200704,49
Alkoholunfälle,insgesamt,2007,200705,63
Alkoholunfälle,insgesamt,2007,200706,51
Alkoholunfälle,insgesamt,2007,200707,65
Alkoholunfälle,insgesamt,2007,200708,44
Alkoholunfälle,insgesamt,2007,200709,54
Alkoholunfälle,insgesamt,2007,200710,55
Alkoholunfälle,insgesamt,2007,200711,36
Alkoholunfälle,insgesamt,2007,200712,37
Alkoholunfälle,insgesamt,2006,Summe,599
Alkoholunfälle,insgesamt,2006,200601,44
Alkoholunfälle,insgesamt,2006,200602,50
Alkoholunfälle,insgesamt,2006,200603,40
Alkoholunfälle,insgesamt,2006,200604,40
Alkoholunfälle,insgesamt,2006,200605,53
Alkoholunfälle,insgesamt,2006,200606,51
Alkoholunfälle,insgesamt,2006,200607,64
Alkoholunfälle,insgesamt,2006,200608,48
Alkoholunfälle,insgesamt,2006,200609,64
Alkoholunfälle,insgesamt,2006,200610,45
Alkoholunfälle,insgesamt,2006,200611,48
Alkoholunfälle,insgesamt,2006,200612,52
Alkoholunfälle,insgesamt,2005,Summe,600
Alkoholunfälle,insgesamt,2005,200501,48
Alkoholunfälle,insgesamt,2005,200502,40
Alkoholunfälle,insgesamt,2005,200503,40
Alkoholunfälle,insgesamt,2005,200504,40
Alkoholunfälle,insgesamt,2005,200505,48
Alkoholunfälle,insgesamt,2005,200506,57
Alkoholunfälle,insgesamt,2005,200507,63
Alkoholunfälle,insgesamt,2005,200508,48
Alkoholunfälle,insgesamt,2005,200509,76
Alkoholunfälle,insgesamt,2005,200510,57
Alkoholunfälle,insgesamt,2005,200511,42
Alkoholunfälle,insgesamt,2005,200512,41
Alkoholunfälle,insgesamt,2004,Summe,659
Alkoholunfälle,insgesamt,2004,200401,42
Alkoholunfälle,insgesamt,2004,200402,48
Alkoholunfälle,insgesamt,2004,200403,44
Alkoholunfälle,insgesamt,2004,200404,37
Alkoholunfälle,insgesamt,2004,200405,55
Alkoholunfälle,insgesamt,2004,200406,58
Alkoholunfälle,insgesamt,2004,200407,67
Alkoholunfälle,insgesamt,2004,200408,58
Alkoholunfälle,insgesamt,2004,200409,79
Alkoholunfälle,insgesamt,2004,200410,68
Alkoholunfälle,insgesamt,2004,200411,51
Alkoholunfälle,insgesamt,2004,200412,52
Alkoholunfälle,insgesamt,2003,Summe,730
Alkoholunfälle,insgesamt,2003,200301,55
Alkoholunfälle,insgesamt,2003,200302,44
Alkoholunfälle,insgesamt,2003,200303,53
Alkoholunfälle,insgesamt,2003,200304,50
Alkoholunfälle,insgesamt,2003,200305,65
Alkoholunfälle,insgesamt,2003,200306,82
Alkoholunfälle,insgesamt,2003,200307,76
Alkoholunfälle,insgesamt,2003,200308,66
Alkoholunfälle,insgesamt,2003,200309,63
Alkoholunfälle,insgesamt,2003,200310,74
Alkoholunfälle,insgesamt,2003,200311,44
Alkoholunfälle,insgesamt,2003,200312,58
Alkoholunfälle,insgesamt,2002,Summe,803
Alkoholunfälle,insgesamt,2002,200201,44
Alkoholunfälle,insgesamt,2002,200202,49
Alkoholunfälle,insgesamt,2002,200203,61
Alkoholunfälle,insgesamt,2002,200204,65
Alkoholunfälle,insgesamt,2002,200205,58
Alkoholunfälle,insgesamt,2002,200206,74
Alkoholunfälle,insgesamt,2002,200207,84
Alkoholunfälle,insgesamt,2002,200208,71
Alkoholunfälle,insgesamt,2002,200209,107
Alkoholunfälle,insgesamt,2002,200210,83
Alkoholunfälle,insgesamt,2002,200211,44
Alkoholunfälle,insgesamt,2002,200212,63
Alkoholunfälle,insgesamt,2001,Summe,848
Alkoholunfälle,insgesamt,2001,200101,66
Alkoholunfälle,insgesamt,2001,200102,49
Alkoholunfälle,insgesamt,2001,200103,63
Alkoholunfälle,insgesamt,2001,200104,68
Alkoholunfälle,insgesamt,2001,200105,85
Alkoholunfälle,insgesamt,2001,200106,68
Alkoholunfälle,insgesamt,2001,200107,71
Alkoholunfälle,insgesamt,2001,200108,60
Alkoholunfälle,insgesamt,2001,200109,107
Alkoholunfälle,insgesamt,2001,200110,77
Alkoholunfälle,insgesamt,2001,200111,68
Alkoholunfälle,insgesamt,2001,200112,66
Alkoholunfälle,insgesamt,2000,Summe,934
Alkoholunfälle,insgesamt,2000,200001,78
Alkoholunfälle,insgesamt,2000,200002,53
Alkoholunfälle,insgesamt,2000,200003,73
Alkoholunfälle,insgesamt,2000,200004,78
Alkoholunfälle,insgesamt,2000,200005,96
Alkoholunfälle,insgesamt,2000,200006,57
Alkoholunfälle,insgesamt,2000,200007,99
Alkoholunfälle,insgesamt,2000,200008,77
Alkoholunfälle,insgesamt,2000,200009,84
Alkoholunfälle,insgesamt,2000,200010,83
Alkoholunfälle,insgesamt,2000,200011,71
Alkoholunfälle,insgesamt,2000,200012,85
Alkoholunfälle,Verletzte und Getötete,2022,202201,
Alkoholunfälle,Verletzte und Getötete,2022,202202,
Alkoholunfälle,Verletzte und Getötete,2022,202203,
Alkoholunfälle,Verletzte und Getötete,2022,202204,
Alkoholunfälle,Verletzte und Getötete,2022,202205,
Alkoholunfälle,Verletzte und Getötete,2022,202206,
Alkoholunfälle,Verletzte und Getötete,2022,202207,
Alkoholunfälle,Verletzte und Getötete,2022,202208,
Alkoholunfälle,Verletzte und Getötete,2022,202209,
Alkoholunfälle,Verletzte und Getötete,2022,202210,
Alkoholunfälle,Verletzte und Getötete,2022,202211,
Alkoholunfälle,Verletzte und Getötete,2022,202212,
Alkoholunfälle,Verletzte und Getötete,2021,Summe,214
Alkoholunfälle,Verletzte und Getötete,2021,202101,5
Alkoholunfälle,Verletzte und Getötete,2021,202102,9
Alkoholunfälle,Verletzte und Getötete,2021,202103,6
Alkoholunfälle,Verletzte und Getötete,2021,202104,6
Alkoholunfälle,Verletzte und Getötete,2021,202105,13
Alkoholunfälle,Verletzte und Getötete,2021,202106,39
Alkoholunfälle,Verletzte und Getötete,2021,202107,27
Alkoholunfälle,Verletzte und Getötete,2021,202108,24
Alkoholunfälle,Verletzte und Getötete,2021,202109,36
Alkoholunfälle,Verletzte und Getötete,2021,202110,27
Alkoholunfälle,Verletzte und Getötete,2021,202111,15
Alkoholunfälle,Verletzte und Getötete,2021,202112,7
Alkoholunfälle,Verletzte und Getötete,2020,Summe,250
Alkoholunfälle,Verletzte und Getötete,2020,202001,11
Alkoholunfälle,Verletzte und Getötete,2020,202002,19
Alkoholunfälle,Verletzte und Getötete,2020,202003,13
Alkoholunfälle,Verletzte und Getötete,2020,202004,15
Alkoholunfälle,Verletzte und Getötete,2020,202005,26
Alkoholunfälle,Verletzte und Getötete,2020,202006,30
Alkoholunfälle,Verletzte und Getötete,2020,202007,43
Alkoholunfälle,Verletzte und Getötete,2020,202008,29
Alkoholunfälle,Verletzte und Getötete,2020,202009,24
Alkoholunfälle,Verletzte und Getötete,2020,202010,20
Alkoholunfälle,Verletzte und Getötete,2020,202011,11
Alkoholunfälle,Verletzte und Getötete,2020,202012,9
Alkoholunfälle,Verletzte und Getötete,2019,Summe,227
Alkoholunfälle,Verletzte und Getötete,2019,201901,7
Alkoholunfälle,Verletzte und Getötete,2019,201902,7
Alkoholunfälle,Verletzte und Getötete,2019,201903,22
Alkoholunfälle,Verletzte und Getötete,2019,201904,18
Alkoholunfälle,Verletzte und Getötete,2019,201905,21
Alkoholunfälle,Verletzte und Getötete,2019,201906,24
Alkoholunfälle,Verletzte und Getötete,2019,201907,34
Alkoholunfälle,Verletzte und Getötete,2019,201908,23
Alkoholunfälle,Verletzte und Getötete,2019,201909,20
Alkoholunfälle,Verletzte und Getötete,2019,201910,20
Alkoholunfälle,Verletzte und Getötete,2019,201911,19
Alkoholunfälle,Verletzte und Getötete,2019,201912,12
Alkoholunfälle,Verletzte und Getötete,2018,Summe,182
Alkoholunfälle,Verletzte und Getötete,2018,201801,8
Alkoholunfälle,Verletzte und Getötete,2018,201802,13
Alkoholunfälle,Verletzte und Getötete,2018,201803,12
Alkoholunfälle,Verletzte und Getötete,2018,201804,8
Alkoholunfälle,Verletzte und Getötete,2018,201805,23
Alkoholunfälle,Verletzte und Getötete,2018,201806,14
Alkoholunfälle,Verletzte und Getötete,2018,201807,29
Alkoholunfälle,Verletzte und Getötete,2018,201808,18
Alkoholunfälle,Verletzte und Getötete,2018,201809,22
Alkoholunfälle,Verletzte und Getötete,2018,201810,16
Alkoholunfälle,Verletzte und Getötete,2018,201811,13
Alkoholunfälle,Verletzte und Getötete,2018,201812,6
Alkoholunfälle,Verletzte und Getötete,2017,Summe,176
Alkoholunfälle,Verletzte und Getötete,2017,201701,4
Alkoholunfälle,Verletzte und Getötete,2017,201702,4
Alkoholunfälle,Verletzte und Getötete,2017,201703,15
Alkoholunfälle,Verletzte und Getötete,2017,201704,10
Alkoholunfälle,Verletzte und Getötete,2017,201705,16
Alkoholunfälle,Verletzte und Getötete,2017,201706,27
Alkoholunfälle,Verletzte und Getötete,2017,201707,18
Alkoholunfälle,Verletzte und Getötete,2017,201708,14
Alkoholunfälle,Verletzte und Getötete,2017,201709,22
Alkoholunfälle,Verletzte und Getötete,2017,201710,16
Alkoholunfälle,Verletzte und Getötete,2017,201711,13
Alkoholunfälle,Verletzte und Getötete,2017,201712,17
Alkoholunfälle,Verletzte und Getötete,2016,Summe,144
Alkoholunfälle,Verletzte und Getötete,2016,201601,6
Alkoholunfälle,Verletzte und Getötete,2016,201602,3
Alkoholunfälle,Verletzte und Getötete,2016,201603,6
Alkoholunfälle,Verletzte und Getötete,2016,201604,8
Alkoholunfälle,Verletzte und Getötete,2016,201605,17
Alkoholunfälle,Verletzte und Getötete,2016,201606,19
Alkoholunfälle,Verletzte und Getötete,2016,201607,23
Alkoholunfälle,Verletzte und Getötete,2016,201608,12
Alkoholunfälle,Verletzte und Getötete,2016,201609,22
Alkoholunfälle,Verletzte und Getötete,2016,201610,11
Alkoholunfälle,Verletzte und Getötete,2016,201611,7
Alkoholunfälle,Verletzte und Getötete,2016,201612,10
Alkoholunfälle,Verletzte und Getötete,2015,Summe,225
Alkoholunfälle,Verletzte und Getötete,2015,201501,21
Alkoholunfälle,Verletzte und Getötete,2015,201502,3
Alkoholunfälle,Verletzte und Getötete,2015,201503,9
Alkoholunfälle,Verletzte und Getötete,2015,201504,23
Alkoholunfälle,Verletzte und Getötete,2015,201505,30
Alkoholunfälle,Verletzte und Getötete,2015,201506,19
Alkoholunfälle,Verletzte und Getötete,2015,201507,37
Alkoholunfälle,Verletzte und Getötete,2015,201508,29
Alkoholunfälle,Verletzte und Getötete,2015,201509,25
Alkoholunfälle,Verletzte und Getötete,2015,201510,12
Alkoholunfälle,Verletzte und Getötete,2015,201511,11
Alkoholunfälle,Verletzte und Getötete,2015,201512,6
Alkoholunfälle,Verletzte und Getötete,2014,Summe,167
Alkoholunfälle,Verletzte und Getötete,2014,201401,4
Alkoholunfälle,Verletzte und Getötete,2014,201402,7
Alkoholunfälle,Verletzte und Getötete,2014,201403,16
Alkoholunfälle,Verletzte und Getötete,2014,201404,15
Alkoholunfälle,Verletzte und Getötete,2014,201405,19
Alkoholunfälle,Verletzte und Getötete,2014,201406,16
Alkoholunfälle,Verletzte und Getötete,2014,201407,21
Alkoholunfälle,Verletzte und Getötete,2014,201408,13
Alkoholunfälle,Verletzte und Getötete,2014,201409,18
Alkoholunfälle,Verletzte und Getötete,2014,201410,21
Alkoholunfälle,Verletzte und Getötete,2014,201411,14
Alkoholunfälle,Verletzte und Getötete,2014,201412,3
Alkoholunfälle,Verletzte und Getötete,2013,Summe,153
Alkoholunfälle,Verletzte und Getötete,2013,201301,2
Alkoholunfälle,Verletzte und Getötete,2013,201302,0
Alkoholunfälle,Verletzte und Getötete,2013,201303,8
Alkoholunfälle,Verletzte und Getötete,2013,201304,5
Alkoholunfälle,Verletzte und Getötete,2013,201305,21
Alkoholunfälle,Verletzte und Getötete,2013,201306,20
Alkoholunfälle,Verletzte und Getötete,2013,201307,24
Alkoholunfälle,Verletzte und Getötete,2013,201308,22
Alkoholunfälle,Verletzte und Getötete,2013,201309,17
Alkoholunfälle,Verletzte und Getötete,2013,201310,12
Alkoholunfälle,Verletzte und Getötete,2013,201311,12
Alkoholunfälle,Verletzte und Getötete,2013,201312,10
Alkoholunfälle,Verletzte und Getötete,2012,Summe,223
Alkoholunfälle,Verletzte und Getötete,2012,201201,11
Alkoholunfälle,Verletzte und Getötete,2012,201202,5
Alkoholunfälle,Verletzte und Getötete,2012,201203,5
Alkoholunfälle,Verletzte und Getötete,2012,201204,22
Alkoholunfälle,Verletzte und Getötete,2012,201205,33
Alkoholunfälle,Verletzte und Getötete,2012,201206,35
Alkoholunfälle,Verletzte und Getötete,2012,201207,30
Alkoholunfälle,Verletzte und Getötete,2012,201208,31
Alkoholunfälle,Verletzte und Getötete,2012,201209,24
Alkoholunfälle,Verletzte und Getötete,2012,201210,6
Alkoholunfälle,Verletzte und Getötete,2012,201211,10
Alkoholunfälle,Verletzte und Getötete,2012,201212,11
Alkoholunfälle,Verletzte und Getötete,2011,Summe,198
Alkoholunfälle,Verletzte und Getötete,2011,201101,16
Alkoholunfälle,Verletzte und Getötete,2011,201102,7
Alkoholunfälle,Verletzte und Getötete,2011,201103,9
Alkoholunfälle,Verletzte und Getötete,2011,201104,27
Alkoholunfälle,Verletzte und Getötete,2011,201105,20
Alkoholunfälle,Verletzte und Getötete,2011,201106,21
Alkoholunfälle,Verletzte und Getötete,2011,201107,27
Alkoholunfälle,Verletzte und Getötete,2011,201108,17
Alkoholunfälle,Verletzte und Getötete,2011,201109,22
Alkoholunfälle,Verletzte und Getötete,2011,201110,10
Alkoholunfälle,Verletzte und Getötete,2011,201111,16
Alkoholunfälle,Verletzte und Getötete,2011,201112,6
Alkoholunfälle,Verletzte und Getötete,2010,Summe,201
Alkoholunfälle,Verletzte und Getötete,2010,201001,7
Alkoholunfälle,Verletzte und Getötete,2010,201002,10
Alkoholunfälle,Verletzte und Getötete,2010,201003,12
Alkoholunfälle,Verletzte und Getötete,2010,201004,25
Alkoholunfälle,Verletzte und Getötete,2010,201005,15
Alkoholunfälle,Verletzte und Getötete,2010,201006,20
Alkoholunfälle,Verletzte und Getötete,2010,201007,29
Alkoholunfälle,Verletzte und Getötete,2010,201008,25
Alkoholunfälle,Verletzte und Getötete,2010,201009,26
Alkoholunfälle,Verletzte und Getötete,2010,201010,13
Alkoholunfälle,Verletzte und Getötete,2010,201011,7
Alkoholunfälle,Verletzte und Getötete,2010,201012,12
Alkoholunfälle,Verletzte und Getötete,2009,Summe,213
Alkoholunfälle,Verletzte und Getötete,2009,200901,7
Alkoholunfälle,Verletzte und Getötete,2009,200902,12
Alkoholunfälle,Verletzte und Getötete,2009,200903,5
Alkoholunfälle,Verletzte und Getötete,2009,200904,31
Alkoholunfälle,Verletzte und Getötete,2009,200905,34
Alkoholunfälle,Verletzte und Getötete,2009,200906,19
Alkoholunfälle,Verletzte und Getötete,2009,200907,27
Alkoholunfälle,Verletzte und Getötete,2009,200908,26
Alkoholunfälle,Verletzte und Getötete,2009,200909,18
Alkoholunfälle,Verletzte und Getötete,2009,200910,15
Alkoholunfälle,Verletzte und Getötete,2009,200911,5
Alkoholunfälle,Verletzte und Getötete,2009,200912,14
Alkoholunfälle,Verletzte und Getötete,2008,Summe,240
Alkoholunfälle,Verletzte und Getötete,2008,200801,8
Alkoholunfälle,Verletzte und Getötete,2008,200802,16
Alkoholunfälle,Verletzte und Getötete,2008,200803,9
Alkoholunfälle,Verletzte und Getötete,2008,200804,10
Alkoholunfälle,Verletzte und Getötete,2008,200805,37
Alkoholunfälle,Verletzte und Getötete,2008,200806,32
Alkoholunfälle,Verletzte und Getötete,2008,200807,24
Alkoholunfälle,Verletzte und Getötete,2008,200808,23
Alkoholunfälle,Verletzte und Getötete,2008,200809,28
Alkoholunfälle,Verletzte und Getötete,2008,200810,19
Alkoholunfälle,Verletzte und Getötete,2008,200811,14
Alkoholunfälle,Verletzte und Getötete,2008,200812,20
Alkoholunfälle,Verletzte und Getötete,2007,Summe,281
Alkoholunfälle,Verletzte und Getötete,2007,200701,13
Alkoholunfälle,Verletzte und Getötete,2007,200702,15
Alkoholunfälle,Verletzte und Getötete,2007,200703,14
Alkoholunfälle,Verletzte und Getötete,2007,200704,27
Alkoholunfälle,Verletzte und Getötete,2007,200705,39
Alkoholunfälle,Verletzte und Getötete,2007,200706,27
Alkoholunfälle,Verletzte und Getötete,2007,200707,38
Alkoholunfälle,Verletzte und Getötete,2007,200708,20
Alkoholunfälle,Verletzte und Getötete,2007,200709,24
Alkoholunfälle,Verletzte und Getötete,2007,200710,18
Alkoholunfälle,Verletzte und Getötete,2007,200711,26
Alkoholunfälle,Verletzte und Getötete,2007,200712,20
Alkoholunfälle,Verletzte und Getötete,2006,Summe,286
Alkoholunfälle,Verletzte und Getötete,2006,200601,21
Alkoholunfälle,Verletzte und Getötete,2006,200602,21
Alkoholunfälle,Verletzte und Getötete,2006,200603,14
Alkoholunfälle,Verletzte und Getötete,2006,200604,16
Alkoholunfälle,Verletzte und Getötete,2006,200605,28
Alkoholunfälle,Verletzte und Getötete,2006,200606,22
Alkoholunfälle,Verletzte und Getötete,2006,200607,37
Alkoholunfälle,Verletzte und Getötete,2006,200608,25
Alkoholunfälle,Verletzte und Getötete,2006,200609,35
Alkoholunfälle,Verletzte und Getötete,2006,200610,24
Alkoholunfälle,Verletzte und Getötete,2006,200611,22
Alkoholunfälle,Verletzte und Getötete,2006,200612,21
Alkoholunfälle,Verletzte und Getötete,2005,Summe,281
Alkoholunfälle,Verletzte und Getötete,2005,200501,13
Alkoholunfälle,Verletzte und Getötete,2005,200502,14
Alkoholunfälle,Verletzte und Getötete,2005,200503,13
Alkoholunfälle,Verletzte und Getötete,2005,200504,19
Alkoholunfälle,Verletzte und Getötete,2005,200505,21
Alkoholunfälle,Verletzte und Getötete,2005,200506,31
Alkoholunfälle,Verletzte und Getötete,2005,200507,26
Alkoholunfälle,Verletzte und Getötete,2005,200508,33
Alkoholunfälle,Verletzte und Getötete,2005,200509,50
Alkoholunfälle,Verletzte und Getötete,2005,200510,35
Alkoholunfälle,Verletzte und Getötete,2005,200511,14
Alkoholunfälle,Verletzte und Getötete,2005,200512,12
Alkoholunfälle,Verletzte und Getötete,2004,Summe,304
Alkoholunfälle,Verletzte und Getötete,2004,200401,10
Alkoholunfälle,Verletzte und Getötete,2004,200402,21
Alkoholunfälle,Verletzte und Getötete,2004,200403,18
Alkoholunfälle,Verletzte und Getötete,2004,200404,10
Alkoholunfälle,Verletzte und Getötete,2004,200405,30
Alkoholunfälle,Verletzte und Getötete,2004,200406,25
Alkoholunfälle,Verletzte und Getötete,2004,200407,44
Alkoholunfälle,Verletzte und Getötete,2004,200408,47
Alkoholunfälle,Verletzte und Getötete,2004,200409,41
Alkoholunfälle,Verletzte und Getötete,2004,200410,26
Alkoholunfälle,Verletzte und Getötete,2004,200411,20
Alkoholunfälle,Verletzte und Getötete,2004,200412,12
Alkoholunfälle,Verletzte und Getötete,2003,Summe,319
Alkoholunfälle,Verletzte und Getötete,2003,200301,18
Alkoholunfälle,Verletzte und Getötete,2003,200302,16
Alkoholunfälle,Verletzte und Getötete,2003,200303,17
Alkoholunfälle,Verletzte und Getötete,2003,200304,25
Alkoholunfälle,Verletzte und Getötete,2003,200305,26
Alkoholunfälle,Verletzte und Getötete,2003,200306,41
Alkoholunfälle,Verletzte und Getötete,2003,200307,35
Alkoholunfälle,Verletzte und Getötete,2003,200308,40
Alkoholunfälle,Verletzte und Getötete,2003,200309,26
Alkoholunfälle,Verletzte und Getötete,2003,200310,17
Alkoholunfälle,Verletzte und Getötete,2003,200311,31
Alkoholunfälle,Verletzte und Getötete,2003,200312,27
Alkoholunfälle,Verletzte und Getötete,2002,Summe,379
Alkoholunfälle,Verletzte und Getötete,2002,200201,24
Alkoholunfälle,Verletzte und Getötete,2002,200202,22
Alkoholunfälle,Verletzte und Getötete,2002,200203,21
Alkoholunfälle,Verletzte und Getötete,2002,200204,28
Alkoholunfälle,Verletzte und Getötete,2002,200205,32
Alkoholunfälle,Verletzte und Getötete,2002,200206,42
Alkoholunfälle,Verletzte und Getötete,2002,200207,40
Alkoholunfälle,Verletzte und Getötete,2002,200208,29
Alkoholunfälle,Verletzte und Getötete,2002,200209,51
Alkoholunfälle,Verletzte und Getötete,2002,200210,53
Alkoholunfälle,Verletzte und Getötete,2002,200211,10
Alkoholunfälle,Verletzte und Getötete,2002,200212,27
Alkoholunfälle,Verletzte und Getötete,2001,Summe,391
Alkoholunfälle,Verletzte und Getötete,2001,200101,36
Alkoholunfälle,Verletzte und Getötete,2001,200102,20
Alkoholunfälle,Verletzte und Getötete,2001,200103,36
Alkoholunfälle,Verletzte und Getötete,2001,200104,32
Alkoholunfälle,Verletzte und Getötete,2001,200105,32
Alkoholunfälle,Verletzte und Getötete,2001,200106,46
Alkoholunfälle,Verletzte und Getötete,2001,200107,35
Alkoholunfälle,Verletzte und Getötete,2001,200108,21
Alkoholunfälle,Verletzte und Getötete,2001,200109,48
Alkoholunfälle,Verletzte und Getötete,2001,200110,37
Alkoholunfälle,Verletzte und Getötete,2001,200111,25
Alkoholunfälle,Verletzte und Getötete,2001,200112,23
Alkoholunfälle,Verletzte und Getötete,2000,Summe,376
Alkoholunfälle,Verletzte und Getötete,2000,200001,37
Alkoholunfälle,Verletzte und Getötete,2000,200002,19
Alkoholunfälle,Verletzte und Getötete,2000,200003,18
Alkoholunfälle,Verletzte und Getötete,2000,200004,26
Alkoholunfälle,Verletzte und Getötete,2000,200005,44
Alkoholunfälle,Verletzte und Getötete,2000,200006,32
Alkoholunfälle,Verletzte und Getötete,2000,200007,37
Alkoholunfälle,Verletzte und Getötete,2000,200008,32
Alkoholunfälle,Verletzte und Getötete,2000,200009,45
Alkoholunfälle,Verletzte und Getötete,2000,200010,31
Alkoholunfälle,Verletzte und Getötete,2000,200011,24
Alkoholunfälle,Verletzte und Getötete,2000,200012,31
Fluchtunfälle,insgesamt,2022,202201,
Fluchtunfälle,insgesamt,2022,202202,
Fluchtunfälle,insgesamt,2022,202203,
Fluchtunfälle,insgesamt,2022,202204,
Fluchtunfälle,insgesamt,2022,202205,
Fluchtunfälle,insgesamt,2022,202206,
Fluchtunfälle,insgesamt,2022,202207,
Fluchtunfälle,insgesamt,2022,202208,
Fluchtunfälle,insgesamt,2022,202209,
Fluchtunfälle,insgesamt,2022,202210,
Fluchtunfälle,insgesamt,2022,202211,
Fluchtunfälle,insgesamt,2022,202212,
Fluchtunfälle,insgesamt,2021,Summe,9879
Fluchtunfälle,insgesamt,2021,202101,521
Fluchtunfälle,insgesamt,2021,202102,602
Fluchtunfälle,insgesamt,2021,202103,801
Fluchtunfälle,insgesamt,2021,202104,716
Fluchtunfälle,insgesamt,2021,202105,865
Fluchtunfälle,insgesamt,2021,202106,991
Fluchtunfälle,insgesamt,2021,202107,1027
Fluchtunfälle,insgesamt,2021,202108,715
Fluchtunfälle,insgesamt,2021,202109,951
Fluchtunfälle,insgesamt,2021,202110,1053
Fluchtunfälle,insgesamt,2021,202111,849
Fluchtunfälle,insgesamt,2021,202112,788
Fluchtunfälle,insgesamt,2020,Summe,10024
Fluchtunfälle,insgesamt,2020,202001,791
Fluchtunfälle,insgesamt,2020,202002,870
Fluchtunfälle,insgesamt,2020,202003,744
Fluchtunfälle,insgesamt,2020,202004,607
Fluchtunfälle,insgesamt,2020,202005,859
Fluchtunfälle,insgesamt,2020,202006,905
Fluchtunfälle,insgesamt,2020,202007,1010
Fluchtunfälle,insgesamt,2020,202008,735
Fluchtunfälle,insgesamt,2020,202009,948
Fluchtunfälle,insgesamt,2020,202010,997
Fluchtunfälle,insgesamt,2020,202011,864
Fluchtunfälle,insgesamt,2020,202012,694
Fluchtunfälle,insgesamt,2019,Summe,11773
Fluchtunfälle,insgesamt,2019,201901,927
Fluchtunfälle,insgesamt,2019,201902,883
Fluchtunfälle,insgesamt,2019,201903,1005
Fluchtunfälle,insgesamt,2019,201904,967
Fluchtunfälle,insgesamt,2019,201905,1014
Fluchtunfälle,insgesamt,2019,201906,994
Fluchtunfälle,insgesamt,2019,201907,1187
Fluchtunfälle,insgesamt,2019,201908,820
Fluchtunfälle,insgesamt,2019,201909,996
Fluchtunfälle,insgesamt,2019,201910,1088
Fluchtunfälle,insgesamt,2019,201911,967
Fluchtunfälle,insgesamt,2019,201912,925
Fluchtunfälle,insgesamt,2018,Summe,11648
Fluchtunfälle,insgesamt,2018,201801,860
Fluchtunfälle,insgesamt,2018,201802,774
Fluchtunfälle,insgesamt,2018,201803,954
Fluchtunfälle,insgesamt,2018,201804,1010
Fluchtunfälle,insgesamt,2018,201805,994
Fluchtunfälle,insgesamt,2018,201806,1034
Fluchtunfälle,insgesamt,2018,201807,1151
Fluchtunfälle,insgesamt,2018,201808,813
Fluchtunfälle,insgesamt,2018,201809,1102
Fluchtunfälle,insgesamt,2018,201810,1127
Fluchtunfälle,insgesamt,2018,201811,929
Fluchtunfälle,insgesamt,2018,201812,900
Fluchtunfälle,insgesamt,2017,Summe,11263
Fluchtunfälle,insgesamt,2017,201701,690
Fluchtunfälle,insgesamt,2017,201702,846
Fluchtunfälle,insgesamt,2017,201703,1060
Fluchtunfälle,insgesamt,2017,201704,895
Fluchtunfälle,insgesamt,2017,201705,1070
Fluchtunfälle,insgesamt,2017,201706,948
Fluchtunfälle,insgesamt,2017,201707,1064
Fluchtunfälle,insgesamt,2017,201708,831
Fluchtunfälle,insgesamt,2017,201709,1009
Fluchtunfälle,insgesamt,2017,201710,1052
Fluchtunfälle,insgesamt,2017,201711,925
Fluchtunfälle,insgesamt,2017,201712,873
Fluchtunfälle,insgesamt,2016,Summe,11179
Fluchtunfälle,insgesamt,2016,201601,777
Fluchtunfälle,insgesamt,2016,201602,775
Fluchtunfälle,insgesamt,2016,201603,898
Fluchtunfälle,insgesamt,2016,201604,998
Fluchtunfälle,insgesamt,2016,201605,850
Fluchtunfälle,insgesamt,2016,201606,1018
Fluchtunfälle,insgesamt,2016,201607,1095
Fluchtunfälle,insgesamt,2016,201608,958
Fluchtunfälle,insgesamt,2016,201609,958
Fluchtunfälle,insgesamt,2016,201610,1022
Fluchtunfälle,insgesamt,2016,201611,960
Fluchtunfälle,insgesamt,2016,201612,870
Fluchtunfälle,insgesamt,2015,Summe,11358
Fluchtunfälle,insgesamt,2015,201501,781
Fluchtunfälle,insgesamt,2015,201502,713
Fluchtunfälle,insgesamt,2015,201503,908
Fluchtunfälle,insgesamt,2015,201504,966
Fluchtunfälle,insgesamt,2015,201505,940
Fluchtunfälle,insgesamt,2015,201506,952
Fluchtunfälle,insgesamt,2015,201507,1176
Fluchtunfälle,insgesamt,2015,201508,864
Fluchtunfälle,insgesamt,2015,201509,1007
Fluchtunfälle,insgesamt,2015,201510,1110
Fluchtunfälle,insgesamt,2015,201511,991
Fluchtunfälle,insgesamt,2015,201512,950
Fluchtunfälle,insgesamt,2014,Summe,10846
Fluchtunfälle,insgesamt,2014,201401,778
Fluchtunfälle,insgesamt,2014,201402,742
Fluchtunfälle,insgesamt,2014,201403,993
Fluchtunfälle,insgesamt,2014,201404,946
Fluchtunfälle,insgesamt,2014,201405,925
Fluchtunfälle,insgesamt,2014,201406,880
Fluchtunfälle,insgesamt,2014,201407,1029
Fluchtunfälle,insgesamt,2014,201408,802
Fluchtunfälle,insgesamt,2014,201409,936
Fluchtunfälle,insgesamt,2014,201410,1042
Fluchtunfälle,insgesamt,2014,201411,943
Fluchtunfälle,insgesamt,2014,201412,830
Fluchtunfälle,insgesamt,2013,Summe,11186
Fluchtunfälle,insgesamt,2013,201301,796
Fluchtunfälle,insgesamt,2013,201302,773
Fluchtunfälle,insgesamt,2013,201303,906
Fluchtunfälle,insgesamt,2013,201304,1038
Fluchtunfälle,insgesamt,2013,201305,848
Fluchtunfälle,insgesamt,2013,201306,1055
Fluchtunfälle,insgesamt,2013,201307,1138
Fluchtunfälle,insgesamt,2013,201308,791
Fluchtunfälle,insgesamt,2013,201309,1000
Fluchtunfälle,insgesamt,2013,201310,1074
Fluchtunfälle,insgesamt,2013,201311,939
Fluchtunfälle,insgesamt,2013,201312,828
Fluchtunfälle,insgesamt,2012,Summe,11105
Fluchtunfälle,insgesamt,2012,201201,713
Fluchtunfälle,insgesamt,2012,201202,714
Fluchtunfälle,insgesamt,2012,201203,946
Fluchtunfälle,insgesamt,2012,201204,919
Fluchtunfälle,insgesamt,2012,201205,1035
Fluchtunfälle,insgesamt,2012,201206,1041
Fluchtunfälle,insgesamt,2012,201207,1045
Fluchtunfälle,insgesamt,2012,201208,887
Fluchtunfälle,insgesamt,2012,201209,921
Fluchtunfälle,insgesamt,2012,201210,1090
Fluchtunfälle,insgesamt,2012,201211,984
Fluchtunfälle,insgesamt,2012,201212,810
Fluchtunfälle,insgesamt,2011,Summe,10258
Fluchtunfälle,insgesamt,2011,201101,726
Fluchtunfälle,insgesamt,2011,201102,760
Fluchtunfälle,insgesamt,2011,201103,883
Fluchtunfälle,insgesamt,2011,201104,835
Fluchtunfälle,insgesamt,2011,201105,1034
Fluchtunfälle,insgesamt,2011,201106,783
Fluchtunfälle,insgesamt,2011,201107,951
Fluchtunfälle,insgesamt,2011,201108,790
Fluchtunfälle,insgesamt,2011,201109,906
Fluchtunfälle,insgesamt,2011,201110,916
Fluchtunfälle,insgesamt,2011,201111,842
Fluchtunfälle,insgesamt,2011,201112,832
Fluchtunfälle,insgesamt,2010,Summe,9899
Fluchtunfälle,insgesamt,2010,201001,613
Fluchtunfälle,insgesamt,2010,201002,683
Fluchtunfälle,insgesamt,2010,201003,829
Fluchtunfälle,insgesamt,2010,201004,938
Fluchtunfälle,insgesamt,2010,201005,743
Fluchtunfälle,insgesamt,2010,201006,814
Fluchtunfälle,insgesamt,2010,201007,932
Fluchtunfälle,insgesamt,2010,201008,794
Fluchtunfälle,insgesamt,2010,201009,955
Fluchtunfälle,insgesamt,2010,201010,910
Fluchtunfälle,insgesamt,2010,201011,827
Fluchtunfälle,insgesamt,2010,201012,861
Fluchtunfälle,insgesamt,2009,Summe,9267
Fluchtunfälle,insgesamt,2009,200901,512
Fluchtunfälle,insgesamt,2009,200902,802
Fluchtunfälle,insgesamt,2009,200903,607
Fluchtunfälle,insgesamt,2009,200904,776
Fluchtunfälle,insgesamt,2009,200905,768
Fluchtunfälle,insgesamt,2009,200906,678
Fluchtunfälle,insgesamt,2009,200907,991
Fluchtunfälle,insgesamt,2009,200908,752
Fluchtunfälle,insgesamt,2009,200909,846
Fluchtunfälle,insgesamt,2009,200910,953
Fluchtunfälle,insgesamt,2009,200911,835
Fluchtunfälle,insgesamt,2009,200912,747
Fluchtunfälle,insgesamt,2008,Summe,9345
Fluchtunfälle,insgesamt,2008,200801,727
Fluchtunfälle,insgesamt,2008,200802,793
Fluchtunfälle,insgesamt,2008,200803,763
Fluchtunfälle,insgesamt,2008,200804,837
Fluchtunfälle,insgesamt,2008,200805,871
Fluchtunfälle,insgesamt,2008,200806,859
Fluchtunfälle,insgesamt,2008,200807,832
Fluchtunfälle,insgesamt,2008,200808,760
Fluchtunfälle,insgesamt,2008,200809,747
Fluchtunfälle,insgesamt,2008,200810,874
Fluchtunfälle,insgesamt,2008,200811,625
Fluchtunfälle,insgesamt,2008,200812,657
Fluchtunfälle,insgesamt,2007,Summe,9127
Fluchtunfälle,insgesamt,2007,200701,699
Fluchtunfälle,insgesamt,2007,200702,612
Fluchtunfälle,insgesamt,2007,200703,411
Fluchtunfälle,insgesamt,2007,200704,821
Fluchtunfälle,insgesamt,2007,200705,858
Fluchtunfälle,insgesamt,2007,200706,804
Fluchtunfälle,insgesamt,2007,200707,935
Fluchtunfälle,insgesamt,2007,200708,759
Fluchtunfälle,insgesamt,2007,200709,797
Fluchtunfälle,insgesamt,2007,200710,873
Fluchtunfälle,insgesamt,2007,200711,868
Fluchtunfälle,insgesamt,2007,200712,690
Fluchtunfälle,insgesamt,2006,Summe,8629
Fluchtunfälle,insgesamt,2006,200601,708
Fluchtunfälle,insgesamt,2006,200602,698
Fluchtunfälle,insgesamt,2006,200603,1138
Fluchtunfälle,insgesamt,2006,200604,750
Fluchtunfälle,insgesamt,2006,200605,476
Fluchtunfälle,insgesamt,2006,200606,565
Fluchtunfälle,insgesamt,2006,200607,845
Fluchtunfälle,insgesamt,2006,200608,774
Fluchtunfälle,insgesamt,2006,200609,718
Fluchtunfälle,insgesamt,2006,200610,599
Fluchtunfälle,insgesamt,2006,200611,494
Fluchtunfälle,insgesamt,2006,200612,864
Fluchtunfälle,insgesamt,2005,Summe,11037
Fluchtunfälle,insgesamt,2005,200501,749
Fluchtunfälle,insgesamt,2005,200502,961
Fluchtunfälle,insgesamt,2005,200503,1115
Fluchtunfälle,insgesamt,2005,200504,937
Fluchtunfälle,insgesamt,2005,200505,902
Fluchtunfälle,insgesamt,2005,200506,901
Fluchtunfälle,insgesamt,2005,200507,951
Fluchtunfälle,insgesamt,2005,200508,811
Fluchtunfälle,insgesamt,2005,200509,1086
Fluchtunfälle,insgesamt,2005,200510,962
Fluchtunfälle,insgesamt,2005,200511,845
Fluchtunfälle,insgesamt,2005,200512,817
Fluchtunfälle,insgesamt,2004,Summe,10547
Fluchtunfälle,insgesamt,2004,200401,828
Fluchtunfälle,insgesamt,2004,200402,723
Fluchtunfälle,insgesamt,2004,200403,817
Fluchtunfälle,insgesamt,2004,200404,875
Fluchtunfälle,insgesamt,2004,200405,867
Fluchtunfälle,insgesamt,2004,200406,859
Fluchtunfälle,insgesamt,2004,200407,970
Fluchtunfälle,insgesamt,2004,200408,784
Fluchtunfälle,insgesamt,2004,200409,957
Fluchtunfälle,insgesamt,2004,200410,1022
Fluchtunfälle,insgesamt,2004,200411,903
Fluchtunfälle,insgesamt,2004,200412,942
Fluchtunfälle,insgesamt,2003,Summe,9611
Fluchtunfälle,insgesamt,2003,200301,747
Fluchtunfälle,insgesamt,2003,200302,572
Fluchtunfälle,insgesamt,2003,200303,854
Fluchtunfälle,insgesamt,2003,200304,844
Fluchtunfälle,insgesamt,2003,200305,763
Fluchtunfälle,insgesamt,2003,200306,855
Fluchtunfälle,insgesamt,2003,200307,562
Fluchtunfälle,insgesamt,2003,200308,698
Fluchtunfälle,insgesamt,2003,200309,945
Fluchtunfälle,insgesamt,2003,200310,960
Fluchtunfälle,insgesamt,2003,200311,953
Fluchtunfälle,insgesamt,2003,200312,858
Fluchtunfälle,insgesamt,2002,Summe,10651
Fluchtunfälle,insgesamt,2002,200201,852
Fluchtunfälle,insgesamt,2002,200202,817
Fluchtunfälle,insgesamt,2002,200203,897
Fluchtunfälle,insgesamt,2002,200204,784
Fluchtunfälle,insgesamt,2002,200205,857
Fluchtunfälle,insgesamt,2002,200206,987
Fluchtunfälle,insgesamt,2002,200207,1026
Fluchtunfälle,insgesamt,2002,200208,785
Fluchtunfälle,insgesamt,2002,200209,1039
Fluchtunfälle,insgesamt,2002,200210,1019
Fluchtunfälle,insgesamt,2002,200211,882
Fluchtunfälle,insgesamt,2002,200212,706
Fluchtunfälle,insgesamt,2001,Summe,11396
Fluchtunfälle,insgesamt,2001,200101,871
Fluchtunfälle,insgesamt,2001,200102,820
Fluchtunfälle,insgesamt,2001,200103,962
Fluchtunfälle,insgesamt,2001,200104,897
Fluchtunfälle,insgesamt,2001,200105,1081
Fluchtunfälle,insgesamt,2001,200106,905
Fluchtunfälle,insgesamt,2001,200107,1047
Fluchtunfälle,insgesamt,2001,200108,814
Fluchtunfälle,insgesamt,2001,200109,953
Fluchtunfälle,insgesamt,2001,200110,1104
Fluchtunfälle,insgesamt,2001,200111,1001
Fluchtunfälle,insgesamt,2001,200112,941
Fluchtunfälle,insgesamt,2000,Summe,11467
Fluchtunfälle,insgesamt,2000,200001,835
Fluchtunfälle,insgesamt,2000,200002,890
Fluchtunfälle,insgesamt,2000,200003,974
Fluchtunfälle,insgesamt,2000,200004,834
Fluchtunfälle,insgesamt,2000,200005,1086
Fluchtunfälle,insgesamt,2000,200006,842
Fluchtunfälle,insgesamt,2000,200007,1102
Fluchtunfälle,insgesamt,2000,200008,881
Fluchtunfälle,insgesamt,2000,200009,978
Fluchtunfälle,insgesamt,2000,200010,1078
Fluchtunfälle,insgesamt,2000,200011,1017
Fluchtunfälle,insgesamt,2000,200012,950
Fluchtunfälle,Verletzte und Getötete,2022,202201,
Fluchtunfälle,Verletzte und Getötete,2022,202202,
Fluchtunfälle,Verletzte und Getötete,2022,202203,
Fluchtunfälle,Verletzte und Getötete,2022,202204,
Fluchtunfälle,Verletzte und Getötete,2022,202205,
Fluchtunfälle,Verletzte und Getötete,2022,202206,
Fluchtunfälle,Verletzte und Getötete,2022,202207,
Fluchtunfälle,Verletzte und Getötete,2022,202208,
Fluchtunfälle,Verletzte und Getötete,2022,202209,
Fluchtunfälle,Verletzte und Getötete,2022,202210,
Fluchtunfälle,Verletzte und Getötete,2022,202211,
Fluchtunfälle,Verletzte und Getötete,2022,202212,
Fluchtunfälle,Verletzte und Getötete,2021,Summe,556
Fluchtunfälle,Verletzte und Getötete,2021,202101,8
Fluchtunfälle,Verletzte und Getötete,2021,202102,31
Fluchtunfälle,Verletzte und Getötete,2021,202103,30
Fluchtunfälle,Verletzte und Getötete,2021,202104,40
Fluchtunfälle,Verletzte und Getötete,2021,202105,45
Fluchtunfälle,Verletzte und Getötete,2021,202106,82
Fluchtunfälle,Verletzte und Getötete,2021,202107,77
Fluchtunfälle,Verletzte und Getötete,2021,202108,41
Fluchtunfälle,Verletzte und Getötete,2021,202109,78
Fluchtunfälle,Verletzte und Getötete,2021,202110,52
Fluchtunfälle,Verletzte und Getötete,2021,202111,55
Fluchtunfälle,Verletzte und Getötete,2021,202112,17
Fluchtunfälle,Verletzte und Getötete,2020,Summe,465
Fluchtunfälle,Verletzte und Getötete,2020,202001,28
Fluchtunfälle,Verletzte und Getötete,2020,202002,34
Fluchtunfälle,Verletzte und Getötete,2020,202003,33
Fluchtunfälle,Verletzte und Getötete,2020,202004,34
Fluchtunfälle,Verletzte und Getötete,2020,202005,34
Fluchtunfälle,Verletzte und Getötete,2020,202006,49
Fluchtunfälle,Verletzte und Getötete,2020,202007,58
Fluchtunfälle,Verletzte und Getötete,2020,202008,36
Fluchtunfälle,Verletzte und Getötete,2020,202009,49
Fluchtunfälle,Verletzte und Getötete,2020,202010,50
Fluchtunfälle,Verletzte und Getötete,2020,202011,27
Fluchtunfälle,Verletzte und Getötete,2020,202012,33
Fluchtunfälle,Verletzte und Getötete,2019,Summe,541
Fluchtunfälle,Verletzte und Getötete,2019,201901,32
Fluchtunfälle,Verletzte und Getötete,2019,201902,26
Fluchtunfälle,Verletzte und Getötete,2019,201903,44
Fluchtunfälle,Verletzte und Getötete,2019,201904,35
Fluchtunfälle,Verletzte und Getötete,2019,201905,41
Fluchtunfälle,Verletzte und Getötete,2019,201906,61
Fluchtunfälle,Verletzte und Getötete,2019,201907,81
Fluchtunfälle,Verletzte und Getötete,2019,201908,37
Fluchtunfälle,Verletzte und Getötete,2019,201909,55
Fluchtunfälle,Verletzte und Getötete,2019,201910,45
Fluchtunfälle,Verletzte und Getötete,2019,201911,41
Fluchtunfälle,Verletzte und Getötete,2019,201912,43
Fluchtunfälle,Verletzte und Getötete,2018,Summe,555
Fluchtunfälle,Verletzte und Getötete,2018,201801,40
Fluchtunfälle,Verletzte und Getötete,2018,201802,40
Fluchtunfälle,Verletzte und Getötete,2018,201803,35
Fluchtunfälle,Verletzte und Getötete,2018,201804,44
Fluchtunfälle,Verletzte und Getötete,2018,201805,43
Fluchtunfälle,Verletzte und Getötete,2018,201806,49
Fluchtunfälle,Verletzte und Getötete,2018,201807,72
Fluchtunfälle,Verletzte und Getötete,2018,201808,39
Fluchtunfälle,Verletzte und Getötete,2018,201809,59
Fluchtunfälle,Verletzte und Getötete,2018,201810,60
Fluchtunfälle,Verletzte und Getötete,2018,201811,37
Fluchtunfälle,Verletzte und Getötete,2018,201812,37
Fluchtunfälle,Verletzte und Getötete,2017,Summe,551
Fluchtunfälle,Verletzte und Getötete,2017,201701,22
Fluchtunfälle,Verletzte und Getötete,2017,201702,41
Fluchtunfälle,Verletzte und Getötete,2017,201703,36
Fluchtunfälle,Verletzte und Getötete,2017,201704,36
Fluchtunfälle,Verletzte und Getötete,2017,201705,60
Fluchtunfälle,Verletzte und Getötete,2017,201706,54
Fluchtunfälle,Verletzte und Getötete,2017,201707,65
Fluchtunfälle,Verletzte und Getötete,2017,201708,38
Fluchtunfälle,Verletzte und Getötete,2017,201709,59
Fluchtunfälle,Verletzte und Getötete,2017,201710,59
Fluchtunfälle,Verletzte und Getötete,2017,201711,48
Fluchtunfälle,Verletzte und Getötete,2017,201712,33
Fluchtunfälle,Verletzte und Getötete,2016,Summe,548
Fluchtunfälle,Verletzte und Getötete,2016,201601,31
Fluchtunfälle,Verletzte und Getötete,2016,201602,24
Fluchtunfälle,Verletzte und Getötete,2016,201603,41
Fluchtunfälle,Verletzte und Getötete,2016,201604,42
Fluchtunfälle,Verletzte und Getötete,2016,201605,44
Fluchtunfälle,Verletzte und Getötete,2016,201606,54
Fluchtunfälle,Verletzte und Getötete,2016,201607,61
Fluchtunfälle,Verletzte und Getötete,2016,201608,70
Fluchtunfälle,Verletzte und Getötete,2016,201609,70
Fluchtunfälle,Verletzte und Getötete,2016,201610,44
Fluchtunfälle,Verletzte und Getötete,2016,201611,32
Fluchtunfälle,Verletzte und Getötete,2016,201612,35
Fluchtunfälle,Verletzte und Getötete,2015,Summe,509
Fluchtunfälle,Verletzte und Getötete,2015,201501,19
Fluchtunfälle,Verletzte und Getötete,2015,201502,18
Fluchtunfälle,Verletzte und Getötete,2015,201503,49
Fluchtunfälle,Verletzte und Getötete,2015,201504,45
Fluchtunfälle,Verletzte und Getötete,2015,201505,41
Fluchtunfälle,Verletzte und Getötete,2015,201506,54
Fluchtunfälle,Verletzte und Getötete,2015,201507,65
Fluchtunfälle,Verletzte und Getötete,2015,201508,36
Fluchtunfälle,Verletzte und Getötete,2015,201509,49
Fluchtunfälle,Verletzte und Getötete,2015,201510,52
Fluchtunfälle,Verletzte und Getötete,2015,201511,43
Fluchtunfälle,Verletzte und Getötete,2015,201512,38
Fluchtunfälle,Verletzte und Getötete,2014,Summe,557
Fluchtunfälle,Verletzte und Getötete,2014,201401,29
Fluchtunfälle,Verletzte und Getötete,2014,201402,22
Fluchtunfälle,Verletzte und Getötete,2014,201403,46
Fluchtunfälle,Verletzte und Getötete,2014,201404,55
Fluchtunfälle,Verletzte und Getötete,2014,201405,50
Fluchtunfälle,Verletzte und Getötete,2014,201406,58
Fluchtunfälle,Verletzte und Getötete,2014,201407,62
Fluchtunfälle,Verletzte und Getötete,2014,201408,43
Fluchtunfälle,Verletzte und Getötete,2014,201409,60
Fluchtunfälle,Verletzte und Getötete,2014,201410,55
Fluchtunfälle,Verletzte und Getötete,2014,201411,42
Fluchtunfälle,Verletzte und Getötete,2014,201412,35
Fluchtunfälle,Verletzte und Getötete,2013,Summe,521
Fluchtunfälle,Verletzte und Getötete,2013,201301,29
Fluchtunfälle,Verletzte und Getötete,2013,201302,22
Fluchtunfälle,Verletzte und Getötete,2013,201303,33
Fluchtunfälle,Verletzte und Getötete,2013,201304,50
Fluchtunfälle,Verletzte und Getötete,2013,201305,43
Fluchtunfälle,Verletzte und Getötete,2013,201306,54
Fluchtunfälle,Verletzte und Getötete,2013,201307,68
Fluchtunfälle,Verletzte und Getötete,2013,201308,36
Fluchtunfälle,Verletzte und Getötete,2013,201309,53
Fluchtunfälle,Verletzte und Getötete,2013,201310,53
Fluchtunfälle,Verletzte und Getötete,2013,201311,53
Fluchtunfälle,Verletzte und Getötete,2013,201312,27
Fluchtunfälle,Verletzte und Getötete,2012,Summe,580
Fluchtunfälle,Verletzte und Getötete,2012,201201,32
Fluchtunfälle,Verletzte und Getötete,2012,201202,20
Fluchtunfälle,Verletzte und Getötete,2012,201203,44
Fluchtunfälle,Verletzte und Getötete,2012,201204,37
Fluchtunfälle,Verletzte und Getötete,2012,201205,64
Fluchtunfälle,Verletzte und Getötete,2012,201206,61
Fluchtunfälle,Verletzte und Getötete,2012,201207,64
Fluchtunfälle,Verletzte und Getötete,2012,201208,64
Fluchtunfälle,Verletzte und Getötete,2012,201209,61
Fluchtunfälle,Verletzte und Getötete,2012,201210,61
Fluchtunfälle,Verletzte und Getötete,2012,201211,49
Fluchtunfälle,Verletzte und Getötete,2012,201212,23
Fluchtunfälle,Verletzte und Getötete,2011,Summe,498
Fluchtunfälle,Verletzte und Getötete,2011,201101,26
Fluchtunfälle,Verletzte und Getötete,2011,201102,26
Fluchtunfälle,Verletzte und Getötete,2011,201103,32
Fluchtunfälle,Verletzte und Getötete,2011,201104,55
Fluchtunfälle,Verletzte und Getötete,2011,201105,68
Fluchtunfälle,Verletzte und Getötete,2011,201106,49
Fluchtunfälle,Verletzte und Getötete,2011,201107,56
Fluchtunfälle,Verletzte und Getötete,2011,201108,35
Fluchtunfälle,Verletzte und Getötete,2011,201109,52
Fluchtunfälle,Verletzte und Getötete,2011,201110,36
Fluchtunfälle,Verletzte und Getötete,2011,201111,33
Fluchtunfälle,Verletzte und Getötete,2011,201112,30
Fluchtunfälle,Verletzte und Getötete,2010,Summe,456
Fluchtunfälle,Verletzte und Getötete,2010,201001,17
Fluchtunfälle,Verletzte und Getötete,2010,201002,21
Fluchtunfälle,Verletzte und Getötete,2010,201003,29
Fluchtunfälle,Verletzte und Getötete,2010,201004,41
Fluchtunfälle,Verletzte und Getötete,2010,201005,31
Fluchtunfälle,Verletzte und Getötete,2010,201006,57
Fluchtunfälle,Verletzte und Getötete,2010,201007,65
Fluchtunfälle,Verletzte und Getötete,2010,201008,48
Fluchtunfälle,Verletzte und Getötete,2010,201009,42
Fluchtunfälle,Verletzte und Getötete,2010,201010,49
Fluchtunfälle,Verletzte und Getötete,2010,201011,33
Fluchtunfälle,Verletzte und Getötete,2010,201012,23
Fluchtunfälle,Verletzte und Getötete,2009,Summe,459
Fluchtunfälle,Verletzte und Getötete,2009,200901,22
Fluchtunfälle,Verletzte und Getötete,2009,200902,35
Fluchtunfälle,Verletzte und Getötete,2009,200903,20
Fluchtunfälle,Verletzte und Getötete,2009,200904,43
Fluchtunfälle,Verletzte und Getötete,2009,200905,49
Fluchtunfälle,Verletzte und Getötete,2009,200906,34
Fluchtunfälle,Verletzte und Getötete,2009,200907,61
Fluchtunfälle,Verletzte und Getötete,2009,200908,40
Fluchtunfälle,Verletzte und Getötete,2009,200909,37
Fluchtunfälle,Verletzte und Getötete,2009,200910,47
Fluchtunfälle,Verletzte und Getötete,2009,200911,34
Fluchtunfälle,Verletzte und Getötete,2009,200912,37
Fluchtunfälle,Verletzte und Getötete,2008,Summe,489
Fluchtunfälle,Verletzte und Getötete,2008,200801,27
Fluchtunfälle,Verletzte und Getötete,2008,200802,29
Fluchtunfälle,Verletzte und Getötete,2008,200803,25
Fluchtunfälle,Verletzte und Getötete,2008,200804,41
Fluchtunfälle,Verletzte und Getötete,2008,200805,57
Fluchtunfälle,Verletzte und Getötete,2008,200806,59
Fluchtunfälle,Verletzte und Getötete,2008,200807,48
Fluchtunfälle,Verletzte und Getötete,2008,200808,55
Fluchtunfälle,Verletzte und Getötete,2008,200809,48
Fluchtunfälle,Verletzte und Getötete,2008,200810,46
Fluchtunfälle,Verletzte und Getötete,2008,200811,27
Fluchtunfälle,Verletzte und Getötete,2008,200812,27
Fluchtunfälle,Verletzte und Getötete,2007,Summe,476
Fluchtunfälle,Verletzte und Getötete,2007,200701,19
Fluchtunfälle,Verletzte und Getötete,2007,200702,33
Fluchtunfälle,Verletzte und Getötete,2007,200703,20
Fluchtunfälle,Verletzte und Getötete,2007,200704,43
Fluchtunfälle,Verletzte und Getötete,2007,200705,48
Fluchtunfälle,Verletzte und Getötete,2007,200706,50
Fluchtunfälle,Verletzte und Getötete,2007,200707,59
Fluchtunfälle,Verletzte und Getötete,2007,200708,39
Fluchtunfälle,Verletzte und Getötete,2007,200709,41
Fluchtunfälle,Verletzte und Getötete,2007,200710,49
Fluchtunfälle,Verletzte und Getötete,2007,200711,46
Fluchtunfälle,Verletzte und Getötete,2007,200712,29
Fluchtunfälle,Verletzte und Getötete,2006,Summe,505
Fluchtunfälle,Verletzte und Getötete,2006,200601,31
Fluchtunfälle,Verletzte und Getötete,2006,200602,33
Fluchtunfälle,Verletzte und Getötete,2006,200603,34
Fluchtunfälle,Verletzte und Getötete,2006,200604,25
Fluchtunfälle,Verletzte und Getötete,2006,200605,33
Fluchtunfälle,Verletzte und Getötete,2006,200606,40
Fluchtunfälle,Verletzte und Getötete,2006,200607,78
Fluchtunfälle,Verletzte und Getötete,2006,200608,40
Fluchtunfälle,Verletzte und Getötete,2006,200609,66
Fluchtunfälle,Verletzte und Getötete,2006,200610,43
Fluchtunfälle,Verletzte und Getötete,2006,200611,38
Fluchtunfälle,Verletzte und Getötete,2006,200612,44
Fluchtunfälle,Verletzte und Getötete,2005,Summe,525
Fluchtunfälle,Verletzte und Getötete,2005,200501,24
Fluchtunfälle,Verletzte und Getötete,2005,200502,22
Fluchtunfälle,Verletzte und Getötete,2005,200503,33
Fluchtunfälle,Verletzte und Getötete,2005,200504,45
Fluchtunfälle,Verletzte und Getötete,2005,200505,52
Fluchtunfälle,Verletzte und Getötete,2005,200506,53
Fluchtunfälle,Verletzte und Getötete,2005,200507,65
Fluchtunfälle,Verletzte und Getötete,2005,200508,37
Fluchtunfälle,Verletzte und Getötete,2005,200509,81
Fluchtunfälle,Verletzte und Getötete,2005,200510,54
Fluchtunfälle,Verletzte und Getötete,2005,200511,27
Fluchtunfälle,Verletzte und Getötete,2005,200512,32
Fluchtunfälle,Verletzte und Getötete,2004,Summe,542
Fluchtunfälle,Verletzte und Getötete,2004,200401,33
Fluchtunfälle,Verletzte und Getötete,2004,200402,31
Fluchtunfälle,Verletzte und Getötete,2004,200403,20
Fluchtunfälle,Verletzte und Getötete,2004,200404,39
Fluchtunfälle,Verletzte und Getötete,2004,200405,41
Fluchtunfälle,Verletzte und Getötete,2004,200406,53
Fluchtunfälle,Verletzte und Getötete,2004,200407,83
Fluchtunfälle,Verletzte und Getötete,2004,200408,48
Fluchtunfälle,Verletzte und Getötete,2004,200409,63
Fluchtunfälle,Verletzte und Getötete,2004,200410,40
Fluchtunfälle,Verletzte und Getötete,2004,200411,46
Fluchtunfälle,Verletzte und Getötete,2004,200412,45
Fluchtunfälle,Verletzte und Getötete,2003,Summe,562
Fluchtunfälle,Verletzte und Getötete,2003,200301,21
Fluchtunfälle,Verletzte und Getötete,2003,200302,20
Fluchtunfälle,Verletzte und Getötete,2003,200303,44
Fluchtunfälle,Verletzte und Getötete,2003,200304,30
Fluchtunfälle,Verletzte und Getötete,2003,200305,56
Fluchtunfälle,Verletzte und Getötete,2003,200306,81
Fluchtunfälle,Verletzte und Getötete,2003,200307,35
Fluchtunfälle,Verletzte und Getötete,2003,200308,41
Fluchtunfälle,Verletzte und Getötete,2003,200309,50
Fluchtunfälle,Verletzte und Getötete,2003,200310,47
Fluchtunfälle,Verletzte und Getötete,2003,200311,59
Fluchtunfälle,Verletzte und Getötete,2003,200312,78
Fluchtunfälle,Verletzte und Getötete,2002,Summe,628
Fluchtunfälle,Verletzte und Getötete,2002,200201,36
Fluchtunfälle,Verletzte und Getötete,2002,200202,33
Fluchtunfälle,Verletzte und Getötete,2002,200203,39
Fluchtunfälle,Verletzte und Getötete,2002,200204,37
Fluchtunfälle,Verletzte und Getötete,2002,200205,73
Fluchtunfälle,Verletzte und Getötete,2002,200206,74
Fluchtunfälle,Verletzte und Getötete,2002,200207,72
Fluchtunfälle,Verletzte und Getötete,2002,200208,50
Fluchtunfälle,Verletzte und Getötete,2002,200209,77
Fluchtunfälle,Verletzte und Getötete,2002,200210,49
Fluchtunfälle,Verletzte und Getötete,2002,200211,50
Fluchtunfälle,Verletzte und Getötete,2002,200212,38
Fluchtunfälle,Verletzte und Getötete,2001,Summe,687
Fluchtunfälle,Verletzte und Getötete,2001,200101,44
Fluchtunfälle,Verletzte und Getötete,2001,200102,51
Fluchtunfälle,Verletzte und Getötete,2001,200103,43
Fluchtunfälle,Verletzte und Getötete,2001,200104,68
Fluchtunfälle,Verletzte und Getötete,2001,200105,67
Fluchtunfälle,Verletzte und Getötete,2001,200106,78
Fluchtunfälle,Verletzte und Getötete,2001,200107,83
Fluchtunfälle,Verletzte und Getötete,2001,200108,57
Fluchtunfälle,Verletzte und Getötete,2001,200109,40
Fluchtunfälle,Verletzte und Getötete,2001,200110,85
Fluchtunfälle,Verletzte und Getötete,2001,200111,32
Fluchtunfälle,Verletzte und Getötete,2001,200112,39
Fluchtunfälle,Verletzte und Getötete,2000,Summe,658
Fluchtunfälle,Verletzte und Getötete,2000,200001,34
Fluchtunfälle,Verletzte und Getötete,2000,200002,35
Fluchtunfälle,Verletzte und Getötete,2000,200003,48
Fluchtunfälle,Verletzte und Getötete,2000,200004,57
Fluchtunfälle,Verletzte und Getötete,2000,200005,69
Fluchtunfälle,Verletzte und Getötete,2000,200006,58
Fluchtunfälle,Verletzte und Getötete,2000,200007,67
Fluchtunfälle,Verletzte und Getötete,2000,200008,74
Fluchtunfälle,Verletzte und Getötete,2000,200009,68
Fluchtunfälle,Verletzte und Getötete,2000,200010,47
Fluchtunfälle,Verletzte und Getötete,2000,200011,56
Fluchtunfälle,Verletzte und Getötete,2000,200012,45
Verkehrsunfälle,insgesamt,2022,202201,
Verkehrsunfälle,insgesamt,2022,202202,
Verkehrsunfälle,insgesamt,2022,202203,
Verkehrsunfälle,insgesamt,2022,202204,
Verkehrsunfälle,insgesamt,2022,202205,
Verkehrsunfälle,insgesamt,2022,202206,
Verkehrsunfälle,insgesamt,2022,202207,
Verkehrsunfälle,insgesamt,2022,202208,
Verkehrsunfälle,insgesamt,2022,202209,
Verkehrsunfälle,insgesamt,2022,202210,
Verkehrsunfälle,insgesamt,2022,202211,
Verkehrsunfälle,insgesamt,2022,202212,
Verkehrsunfälle,insgesamt,2021,Summe,38015
Verkehrsunfälle,insgesamt,2021,202101,2153
Verkehrsunfälle,insgesamt,2021,202102,2253
Verkehrsunfälle,insgesamt,2021,202103,3135
Verkehrsunfälle,insgesamt,2021,202104,2904
Verkehrsunfälle,insgesamt,2021,202105,3197
Verkehrsunfälle,insgesamt,2021,202106,3791
Verkehrsunfälle,insgesamt,2021,202107,3908
Verkehrsunfälle,insgesamt,2021,202108,2857
Verkehrsunfälle,insgesamt,2021,202109,3651
Verkehrsunfälle,insgesamt,2021,202110,3861
Verkehrsunfälle,insgesamt,2021,202111,3308
Verkehrsunfälle,insgesamt,2021,202112,2997
Verkehrsunfälle,insgesamt,2020,Summe,38434
Verkehrsunfälle,insgesamt,2020,202001,3139
Verkehrsunfälle,insgesamt,2020,202002,3271
Verkehrsunfälle,insgesamt,2020,202003,2825
Verkehrsunfälle,insgesamt,2020,202004,2251
Verkehrsunfälle,insgesamt,2020,202005,3193
Verkehrsunfälle,insgesamt,2020,202006,3380
Verkehrsunfälle,insgesamt,2020,202007,4031
Verkehrsunfälle,insgesamt,2020,202008,3007
Verkehrsunfälle,insgesamt,2020,202009,3659
Verkehrsunfälle,insgesamt,2020,202010,3867
Verkehrsunfälle,insgesamt,2020,202011,3150
Verkehrsunfälle,insgesamt,2020,202012,2661
Verkehrsunfälle,insgesamt,2019,Summe,46010
Verkehrsunfälle,insgesamt,2019,201901,3440
Verkehrsunfälle,insgesamt,2019,201902,3442
Verkehrsunfälle,insgesamt,2019,201903,3940
Verkehrsunfälle,insgesamt,2019,201904,3781
Verkehrsunfälle,insgesamt,2019,201905,4046
Verkehrsunfälle,insgesamt,2019,201906,3727
Verkehrsunfälle,insgesamt,2019,201907,4763
Verkehrsunfälle,insgesamt,2019,201908,3214
Verkehrsunfälle,insgesamt,2019,201909,4042
Verkehrsunfälle,insgesamt,2019,201910,4348
Verkehrsunfälle,insgesamt,2019,201911,3805
Verkehrsunfälle,insgesamt,2019,201912,3462
Verkehrsunfälle,insgesamt,2018,Summe,46408
Verkehrsunfälle,insgesamt,2018,201801,3328
Verkehrsunfälle,insgesamt,2018,201802,3109
Verkehrsunfälle,insgesamt,2018,201803,3796
Verkehrsunfälle,insgesamt,2018,201804,4016
Verkehrsunfälle,insgesamt,2018,201805,3953
Verkehrsunfälle,insgesamt,2018,201806,4284
Verkehrsunfälle,insgesamt,2018,201807,4547
Verkehrsunfälle,insgesamt,2018,201808,3206
Verkehrsunfälle,insgesamt,2018,201809,4124
Verkehrsunfälle,insgesamt,2018,201810,4468
Verkehrsunfälle,insgesamt,2018,201811,4027
Verkehrsunfälle,insgesamt,2018,201812,3550
Verkehrsunfälle,insgesamt,2017,Summe,45454
Verkehrsunfälle,insgesamt,2017,201701,3320
Verkehrsunfälle,insgesamt,2017,201702,3223
Verkehrsunfälle,insgesamt,2017,201703,4106
Verkehrsunfälle,insgesamt,2017,201704,3533
Verkehrsunfälle,insgesamt,2017,201705,4314
Verkehrsunfälle,insgesamt,2017,201706,3818
Verkehrsunfälle,insgesamt,2017,201707,4355
Verkehrsunfälle,insgesamt,2017,201708,3267
Verkehrsunfälle,insgesamt,2017,201709,4017
Verkehrsunfälle,insgesamt,2017,201710,4198
Verkehrsunfälle,insgesamt,2017,201711,3809
Verkehrsunfälle,insgesamt,2017,201712,3494
Verkehrsunfälle,insgesamt,2016,Summe,46797
Verkehrsunfälle,insgesamt,2016,201601,3297
Verkehrsunfälle,insgesamt,2016,201602,3383
Verkehrsunfälle,insgesamt,2016,201603,3653
Verkehrsunfälle,insgesamt,2016,201604,4209
Verkehrsunfälle,insgesamt,2016,201605,3833
Verkehrsunfälle,insgesamt,2016,201606,4260
Verkehrsunfälle,insgesamt,2016,201607,4478
Verkehrsunfälle,insgesamt,2016,201608,3400
Verkehrsunfälle,insgesamt,2016,201609,4289
Verkehrsunfälle,insgesamt,2016,201610,4297
Verkehrsunfälle,insgesamt,2016,201611,3998
Verkehrsunfälle,insgesamt,2016,201612,3700
Verkehrsunfälle,insgesamt,2015,Summe,46635
Verkehrsunfälle,insgesamt,2015,201501,3326
Verkehrsunfälle,insgesamt,2015,201502,3090
Verkehrsunfälle,insgesamt,2015,201503,3888
Verkehrsunfälle,insgesamt,2015,201504,4022
Verkehrsunfälle,insgesamt,2015,201505,3915
Verkehrsunfälle,insgesamt,2015,201506,3898
Verkehrsunfälle,insgesamt,2015,201507,4729
Verkehrsunfälle,insgesamt,2015,201508,3431
Verkehrsunfälle,insgesamt,2015,201509,4015
Verkehrsunfälle,insgesamt,2015,201510,4467
Verkehrsunfälle,insgesamt,2015,201511,3992
Verkehrsunfälle,insgesamt,2015,201512,3862
Verkehrsunfälle,insgesamt,2014,Summe,46804
Verkehrsunfälle,insgesamt,2014,201401,3410
Verkehrsunfälle,insgesamt,2014,201402,3315
Verkehrsunfälle,insgesamt,2014,201403,4027
Verkehrsunfälle,insgesamt,2014,201404,3840
Verkehrsunfälle,insgesamt,2014,201405,4346
Verkehrsunfälle,insgesamt,2014,201406,3833
Verkehrsunfälle,insgesamt,2014,201407,4443
Verkehrsunfälle,insgesamt,2014,201408,3379
Verkehrsunfälle,insgesamt,2014,201409,4137
Verkehrsunfälle,insgesamt,2014,201410,4251
Verkehrsunfälle,insgesamt,2014,201411,3904
Verkehrsunfälle,insgesamt,2014,201412,3919
Verkehrsunfälle,insgesamt,2013,Summe,46988
Verkehrsunfälle,insgesamt,2013,201301,3316
Verkehrsunfälle,insgesamt,2013,201302,3467
Verkehrsunfälle,insgesamt,2013,201303,3712
Verkehrsunfälle,insgesamt,2013,201304,4008
Verkehrsunfälle,insgesamt,2013,201305,3703
Verkehrsunfälle,insgesamt,2013,201306,4284
Verkehrsunfälle,insgesamt,2013,201307,4641
Verkehrsunfälle,insgesamt,2013,201308,3387
Verkehrsunfälle,insgesamt,2013,201309,4130
Verkehrsunfälle,insgesamt,2013,201310,4533
Verkehrsunfälle,insgesamt,2013,201311,4043
Verkehrsunfälle,insgesamt,2013,201312,3764
Verkehrsunfälle,insgesamt,2012,Summe,44891
Verkehrsunfälle,insgesamt,2012,201201,3176
Verkehrsunfälle,insgesamt,2012,201202,3102
Verkehrsunfälle,insgesamt,2012,201203,3739
Verkehrsunfälle,insgesamt,2012,201204,3667
Verkehrsunfälle,insgesamt,2012,201205,4114
Verkehrsunfälle,insgesamt,2012,201206,4018
Verkehrsunfälle,insgesamt,2012,201207,4281
Verkehrsunfälle,insgesamt,2012,201208,3452
Verkehrsunfälle,insgesamt,2012,201209,3962
Verkehrsunfälle,insgesamt,2012,201210,4146
Verkehrsunfälle,insgesamt,2012,201211,3839
Verkehrsunfälle,insgesamt,2012,201212,3395
Verkehrsunfälle,insgesamt,2011,Summe,42114
Verkehrsunfälle,insgesamt,2011,201101,2775
Verkehrsunfälle,insgesamt,2011,201102,2903
Verkehrsunfälle,insgesamt,2011,201103,3523
Verkehrsunfälle,insgesamt,2011,201104,3529
Verkehrsunfälle,insgesamt,2011,201105,4143
Verkehrsunfälle,insgesamt,2011,201106,3212
Verkehrsunfälle,insgesamt,2011,201107,4074
Verkehrsunfälle,insgesamt,2011,201108,3322
Verkehrsunfälle,insgesamt,2011,201109,3730
Verkehrsunfälle,insgesamt,2011,201110,3830
Verkehrsunfälle,insgesamt,2011,201111,3567
Verkehrsunfälle,insgesamt,2011,201112,3506
Verkehrsunfälle,insgesamt,2010,Summe,37884
Verkehrsunfälle,insgesamt,2010,201001,2346
Verkehrsunfälle,insgesamt,2010,201002,2539
Verkehrsunfälle,insgesamt,2010,201003,3309
Verkehrsunfälle,insgesamt,2010,201004,3202
Verkehrsunfälle,insgesamt,2010,201005,2974
Verkehrsunfälle,insgesamt,2010,201006,3193
Verkehrsunfälle,insgesamt,2010,201007,3712
Verkehrsunfälle,insgesamt,2010,201008,2843
Verkehrsunfälle,insgesamt,2010,201009,3524
Verkehrsunfälle,insgesamt,2010,201010,3500
Verkehrsunfälle,insgesamt,2010,201011,3329
Verkehrsunfälle,insgesamt,2010,201012,3413
Verkehrsunfälle,insgesamt,2009,Summe,37461
Verkehrsunfälle,insgesamt,2009,200901,2482
Verkehrsunfälle,insgesamt,2009,200902,3480
Verkehrsunfälle,insgesamt,2009,200903,2744
Verkehrsunfälle,insgesamt,2009,200904,2953
Verkehrsunfälle,insgesamt,2009,200905,3240
Verkehrsunfälle,insgesamt,2009,200906,2876
Verkehrsunfälle,insgesamt,2009,200907,3622
Verkehrsunfälle,insgesamt,2009,200908,2749
Verkehrsunfälle,insgesamt,2009,200909,3252
Verkehrsunfälle,insgesamt,2009,200910,3567
Verkehrsunfälle,insgesamt,2009,200911,3294
Verkehrsunfälle,insgesamt,2009,200912,3202
Verkehrsunfälle,insgesamt,2008,Summe,38362
Verkehrsunfälle,insgesamt,2008,200801,2945
Verkehrsunfälle,insgesamt,2008,200802,3171
Verkehrsunfälle,insgesamt,2008,200803,2910
Verkehrsunfälle,insgesamt,2008,200804,3339
Verkehrsunfälle,insgesamt,2008,200805,3428
Verkehrsunfälle,insgesamt,2008,200806,3374
Verkehrsunfälle,insgesamt,2008,200807,3500
Verkehrsunfälle,insgesamt,2008,200808,2870
Verkehrsunfälle,insgesamt,2008,200809,3271
Verkehrsunfälle,insgesamt,2008,200810,3683
Verkehrsunfälle,insgesamt,2008,200811,2983
Verkehrsunfälle,insgesamt,2008,200812,2888
Verkehrsunfälle,insgesamt,2007,Summe,38562
Verkehrsunfälle,insgesamt,2007,200701,2735
Verkehrsunfälle,insgesamt,2007,200702,2643
Verkehrsunfälle,insgesamt,2007,200703,2836
Verkehrsunfälle,insgesamt,2007,200704,3292
Verkehrsunfälle,insgesamt,2007,200705,3529
Verkehrsunfälle,insgesamt,2007,200706,3225
Verkehrsunfälle,insgesamt,2007,200707,3622
Verkehrsunfälle,insgesamt,2007,200708,2943
Verkehrsunfälle,insgesamt,2007,200709,3414
Verkehrsunfälle,insgesamt,2007,200710,3695
Verkehrsunfälle,insgesamt,2007,200711,3444
Verkehrsunfälle,insgesamt,2007,200712,3184
Verkehrsunfälle,insgesamt,2006,Summe,38333
Verkehrsunfälle,insgesamt,2006,200601,2893
Verkehrsunfälle,insgesamt,2006,200602,2901
Verkehrsunfälle,insgesamt,2006,200603,4165
Verkehrsunfälle,insgesamt,2006,200604,2874
Verkehrsunfälle,insgesamt,2006,200605,3032
Verkehrsunfälle,insgesamt,2006,200606,2853
Verkehrsunfälle,insgesamt,2006,200607,3611
Verkehrsunfälle,insgesamt,2006,200608,2993
Verkehrsunfälle,insgesamt,2006,200609,3233
Verkehrsunfälle,insgesamt,2006,200610,3286
Verkehrsunfälle,insgesamt,2006,200611,3073
Verkehrsunfälle,insgesamt,2006,200612,3419
Verkehrsunfälle,insgesamt,2005,Summe,40723
Verkehrsunfälle,insgesamt,2005,200501,2788
Verkehrsunfälle,insgesamt,2005,200502,3461
Verkehrsunfälle,insgesamt,2005,200503,3560
Verkehrsunfälle,insgesamt,2005,200504,3320
Verkehrsunfälle,insgesamt,2005,200505,3321
Verkehrsunfälle,insgesamt,2005,200506,3499
Verkehrsunfälle,insgesamt,2005,200507,3631
Verkehrsunfälle,insgesamt,2005,200508,2965
Verkehrsunfälle,insgesamt,2005,200509,3921
Verkehrsunfälle,insgesamt,2005,200510,3503
Verkehrsunfälle,insgesamt,2005,200511,3205
Verkehrsunfälle,insgesamt,2005,200512,3549
Verkehrsunfälle,insgesamt,2004,Summe,40064
Verkehrsunfälle,insgesamt,2004,200401,2969
Verkehrsunfälle,insgesamt,2004,200402,2728
Verkehrsunfälle,insgesamt,2004,200403,3271
Verkehrsunfälle,insgesamt,2004,200404,3183
Verkehrsunfälle,insgesamt,2004,200405,3378
Verkehrsunfälle,insgesamt,2004,200406,3229
Verkehrsunfälle,insgesamt,2004,200407,3760
Verkehrsunfälle,insgesamt,2004,200408,2926
Verkehrsunfälle,insgesamt,2004,200409,3663
Verkehrsunfälle,insgesamt,2004,200410,3716
Verkehrsunfälle,insgesamt,2004,200411,3449
Verkehrsunfälle,insgesamt,2004,200412,3792
Verkehrsunfälle,insgesamt,2003,Summe,38635
Verkehrsunfälle,insgesamt,2003,200301,3073
Verkehrsunfälle,insgesamt,2003,200302,2968
Verkehrsunfälle,insgesamt,2003,200303,3060
Verkehrsunfälle,insgesamt,2003,200304,3106
Verkehrsunfälle,insgesamt,2003,200305,3255
Verkehrsunfälle,insgesamt,2003,200306,3139
Verkehrsunfälle,insgesamt,2003,200307,3321
Verkehrsunfälle,insgesamt,2003,200308,2837
Verkehrsunfälle,insgesamt,2003,200309,3393
Verkehrsunfälle,insgesamt,2003,200310,3631
Verkehrsunfälle,insgesamt,2003,200311,3325
Verkehrsunfälle,insgesamt,2003,200312,3527
Verkehrsunfälle,insgesamt,2002,Summe,40608
Verkehrsunfälle,insgesamt,2002,200201,3063
Verkehrsunfälle,insgesamt,2002,200202,2892
Verkehrsunfälle,insgesamt,2002,200203,3380
Verkehrsunfälle,insgesamt,2002,200204,3142
Verkehrsunfälle,insgesamt,2002,200205,3731
Verkehrsunfälle,insgesamt,2002,200206,3586
Verkehrsunfälle,insgesamt,2002,200207,3960
Verkehrsunfälle,insgesamt,2002,200208,3007
Verkehrsunfälle,insgesamt,2002,200209,3436
Verkehrsunfälle,insgesamt,2002,200210,3859
Verkehrsunfälle,insgesamt,2002,200211,3529
Verkehrsunfälle,insgesamt,2002,200212,3023
Verkehrsunfälle,insgesamt,2001,Summe,45713
Verkehrsunfälle,insgesamt,2001,200101,3348
Verkehrsunfälle,insgesamt,2001,200102,3148
Verkehrsunfälle,insgesamt,2001,200103,3970
Verkehrsunfälle,insgesamt,2001,200104,3565
Verkehrsunfälle,insgesamt,2001,200105,4128
Verkehrsunfälle,insgesamt,2001,200106,3715
Verkehrsunfälle,insgesamt,2001,200107,4288
Verkehrsunfälle,insgesamt,2001,200108,3351
Verkehrsunfälle,insgesamt,2001,200109,3939
Verkehrsunfälle,insgesamt,2001,200110,4250
Verkehrsunfälle,insgesamt,2001,200111,4022
Verkehrsunfälle,insgesamt,2001,200112,3989
Verkehrsunfälle,insgesamt,2000,Summe,44494
Verkehrsunfälle,insgesamt,2000,200001,3448
Verkehrsunfälle,insgesamt,2000,200002,3181
Verkehrsunfälle,insgesamt,2000,200003,3783
Verkehrsunfälle,insgesamt,2000,200004,3317
Verkehrsunfälle,insgesamt,2000,200005,4123
Verkehrsunfälle,insgesamt,2000,200006,3329
Verkehrsunfälle,insgesamt,2000,200007,4282
Verkehrsunfälle,insgesamt,2000,200008,3387
Verkehrsunfälle,insgesamt,2000,200009,3807
Verkehrsunfälle,insgesamt,2000,200010,4117
Verkehrsunfälle,insgesamt,2000,200011,3931
Verkehrsunfälle,insgesamt,2000,200012,3789
Verkehrsunfälle,mit Personenschäden,2022,202201,
Verkehrsunfälle,mit Personenschäden,2022,202202,
Verkehrsunfälle,mit Personenschäden,2022,202203,
Verkehrsunfälle,mit Personenschäden,2022,202204,
Verkehrsunfälle,mit Personenschäden,2022,202205,
Verkehrsunfälle,mit Personenschäden,2022,202206,
Verkehrsunfälle,mit Personenschäden,2022,202207,
Verkehrsunfälle,mit Personenschäden,2022,202208,
Verkehrsunfälle,mit Personenschäden,2022,202209,
Verkehrsunfälle,mit Personenschäden,2022,202210,
Verkehrsunfälle,mit Personenschäden,2022,202211,
Verkehrsunfälle,mit Personenschäden,2022,202212,
Verkehrsunfälle,mit Personenschäden,2021,Summe,4825
Verkehrsunfälle,mit Personenschäden,2021,202101,157
Verkehrsunfälle,mit Personenschäden,2021,202102,220
Verkehrsunfälle,mit Personenschäden,2021,202103,290
Verkehrsunfälle,mit Personenschäden,2021,202104,332
Verkehrsunfälle,mit Personenschäden,2021,202105,370
Verkehrsunfälle,mit Personenschäden,2021,202106,644
Verkehrsunfälle,mit Personenschäden,2021,202107,625
Verkehrsunfälle,mit Personenschäden,2021,202108,449
Verkehrsunfälle,mit Personenschäden,2021,202109,594
Verkehrsunfälle,mit Personenschäden,2021,202110,492
Verkehrsunfälle,mit Personenschäden,2021,202111,368
Verkehrsunfälle,mit Personenschäden,2021,202112,284
Verkehrsunfälle,mit Personenschäden,2020,Summe,4918
Verkehrsunfälle,mit Personenschäden,2020,202001,301
Verkehrsunfälle,mit Personenschäden,2020,202002,306
Verkehrsunfälle,mit Personenschäden,2020,202003,270
Verkehrsunfälle,mit Personenschäden,2020,202004,314
Verkehrsunfälle,mit Personenschäden,2020,202005,416
Verkehrsunfälle,mit Personenschäden,2020,202006,496
Verkehrsunfälle,mit Personenschäden,2020,202007,717
Verkehrsunfälle,mit Personenschäden,2020,202008,487
Verkehrsunfälle,mit Personenschäden,2020,202009,555
Verkehrsunfälle,mit Personenschäden,2020,202010,489
Verkehrsunfälle,mit Personenschäden,2020,202011,297
Verkehrsunfälle,mit Personenschäden,2020,202012,270
Verkehrsunfälle,mit Personenschäden,2019,Summe,5313
Verkehrsunfälle,mit Personenschäden,2019,201901,243
Verkehrsunfälle,mit Personenschäden,2019,201902,289
Verkehrsunfälle,mit Personenschäden,2019,201903,369
Verkehrsunfälle,mit Personenschäden,2019,201904,426
Verkehrsunfälle,mit Personenschäden,2019,201905,416
Verkehrsunfälle,mit Personenschäden,2019,201906,615
Verkehrsunfälle,mit Personenschäden,2019,201907,762
Verkehrsunfälle,mit Personenschäden,2019,201908,451
Verkehrsunfälle,mit Personenschäden,2019,201909,533
Verkehrsunfälle,mit Personenschäden,2019,201910,500
Verkehrsunfälle,mit Personenschäden,2019,201911,383
Verkehrsunfälle,mit Personenschäden,2019,201912,326
Verkehrsunfälle,mit Personenschäden,2018,Summe,5471
Verkehrsunfälle,mit Personenschäden,2018,201801,290
Verkehrsunfälle,mit Personenschäden,2018,201802,265
Verkehrsunfälle,mit Personenschäden,2018,201803,331
Verkehrsunfälle,mit Personenschäden,2018,201804,519
Verkehrsunfälle,mit Personenschäden,2018,201805,528
Verkehrsunfälle,mit Personenschäden,2018,201806,622
Verkehrsunfälle,mit Personenschäden,2018,201807,714
Verkehrsunfälle,mit Personenschäden,2018,201808,456
Verkehrsunfälle,mit Personenschäden,2018,201809,528
Verkehrsunfälle,mit Personenschäden,2018,201810,529
Verkehrsunfälle,mit Personenschäden,2018,201811,407
Verkehrsunfälle,mit Personenschäden,2018,201812,282
Verkehrsunfälle,mit Personenschäden,2017,Summe,5062
Verkehrsunfälle,mit Personenschäden,2017,201701,242
Verkehrsunfälle,mit Personenschäden,2017,201702,277
Verkehrsunfälle,mit Personenschäden,2017,201703,407
Verkehrsunfälle,mit Personenschäden,2017,201704,365
Verkehrsunfälle,mit Personenschäden,2017,201705,545
Verkehrsunfälle,mit Personenschäden,2017,201706,568
Verkehrsunfälle,mit Personenschäden,2017,201707,611
Verkehrsunfälle,mit Personenschäden,2017,201708,447
Verkehrsunfälle,mit Personenschäden,2017,201709,430
Verkehrsunfälle,mit Personenschäden,2017,201710,490
Verkehrsunfälle,mit Personenschäden,2017,201711,373
Verkehrsunfälle,mit Personenschäden,2017,201712,307
Verkehrsunfälle,mit Personenschäden,2016,Summe,5329
Verkehrsunfälle,mit Personenschäden,2016,201601,298
Verkehrsunfälle,mit Personenschäden,2016,201602,305
Verkehrsunfälle,mit Personenschäden,2016,201603,299
Verkehrsunfälle,mit Personenschäden,2016,201604,447
Verkehrsunfälle,mit Personenschäden,2016,201605,502
Verkehrsunfälle,mit Personenschäden,2016,201606,592
Verkehrsunfälle,mit Personenschäden,2016,201607,623
Verkehrsunfälle,mit Personenschäden,2016,201608,469
Verkehrsunfälle,mit Personenschäden,2016,201609,627
Verkehrsunfälle,mit Personenschäden,2016,201610,448
Verkehrsunfälle,mit Personenschäden,2016,201611,402
Verkehrsunfälle,mit Personenschäden,2016,201612,317
Verkehrsunfälle,mit Personenschäden,2015,Summe,5430
Verkehrsunfälle,mit Personenschäden,2015,201501,263
Verkehrsunfälle,mit Personenschäden,2015,201502,262
Verkehrsunfälle,mit Personenschäden,2015,201503,376
Verkehrsunfälle,mit Personenschäden,2015,201504,495
Verkehrsunfälle,mit Personenschäden,2015,201505,487
Verkehrsunfälle,mit Personenschäden,2015,201506,560
Verkehrsunfälle,mit Personenschäden,2015,201507,708
Verkehrsunfälle,mit Personenschäden,2015,201508,481
Verkehrsunfälle,mit Personenschäden,2015,201509,509
Verkehrsunfälle,mit Personenschäden,2015,201510,475
Verkehrsunfälle,mit Personenschäden,2015,201511,430
Verkehrsunfälle,mit Personenschäden,2015,201512,384
Verkehrsunfälle,mit Personenschäden,2014,Summe,5523
Verkehrsunfälle,mit Personenschäden,2014,201401,324
Verkehrsunfälle,mit Personenschäden,2014,201402,309
Verkehrsunfälle,mit Personenschäden,2014,201403,460
Verkehrsunfälle,mit Personenschäden,2014,201404,455
Verkehrsunfälle,mit Personenschäden,2014,201405,536
Verkehrsunfälle,mit Personenschäden,2014,201406,558
Verkehrsunfälle,mit Personenschäden,2014,201407,654
Verkehrsunfälle,mit Personenschäden,2014,201408,432
Verkehrsunfälle,mit Personenschäden,2014,201409,534
Verkehrsunfälle,mit Personenschäden,2014,201410,529
Verkehrsunfälle,mit Personenschäden,2014,201411,401
Verkehrsunfälle,mit Personenschäden,2014,201412,331
Verkehrsunfälle,mit Personenschäden,2013,Summe,5386
Verkehrsunfälle,mit Personenschäden,2013,201301,254
Verkehrsunfälle,mit Personenschäden,2013,201302,263
Verkehrsunfälle,mit Personenschäden,2013,201303,284
Verkehrsunfälle,mit Personenschäden,2013,201304,440
Verkehrsunfälle,mit Personenschäden,2013,201305,454
Verkehrsunfälle,mit Personenschäden,2013,201306,580
Verkehrsunfälle,mit Personenschäden,2013,201307,812
Verkehrsunfälle,mit Personenschäden,2013,201308,514
Verkehrsunfälle,mit Personenschäden,2013,201309,531
Verkehrsunfälle,mit Personenschäden,2013,201310,510
Verkehrsunfälle,mit Personenschäden,2013,201311,388
Verkehrsunfälle,mit Personenschäden,2013,201312,356
Verkehrsunfälle,mit Personenschäden,2012,Summe,5325
Verkehrsunfälle,mit Personenschäden,2012,201201,273
Verkehrsunfälle,mit Personenschäden,2012,201202,233
Verkehrsunfälle,mit Personenschäden,2012,201203,424
Verkehrsunfälle,mit Personenschäden,2012,201204,394
Verkehrsunfälle,mit Personenschäden,2012,201205,596
Verkehrsunfälle,mit Personenschäden,2012,201206,577
Verkehrsunfälle,mit Personenschäden,2012,201207,632
Verkehrsunfälle,mit Personenschäden,2012,201208,545
Verkehrsunfälle,mit Personenschäden,2012,201209,532
Verkehrsunfälle,mit Personenschäden,2012,201210,477
Verkehrsunfälle,mit Personenschäden,2012,201211,394
Verkehrsunfälle,mit Personenschäden,2012,201212,248
Verkehrsunfälle,mit Personenschäden,2011,Summe,4874
Verkehrsunfälle,mit Personenschäden,2011,201101,255
Verkehrsunfälle,mit Personenschäden,2011,201102,264
Verkehrsunfälle,mit Personenschäden,2011,201103,373
Verkehrsunfälle,mit Personenschäden,2011,201104,505
Verkehrsunfälle,mit Personenschäden,2011,201105,636
Verkehrsunfälle,mit Personenschäden,2011,201106,399
Verkehrsunfälle,mit Personenschäden,2011,201107,532
Verkehrsunfälle,mit Personenschäden,2011,201108,402
Verkehrsunfälle,mit Personenschäden,2011,201109,441
Verkehrsunfälle,mit Personenschäden,2011,201110,393
Verkehrsunfälle,mit Personenschäden,2011,201111,359
Verkehrsunfälle,mit Personenschäden,2011,201112,315
Verkehrsunfälle,mit Personenschäden,2010,Summe,4240
Verkehrsunfälle,mit Personenschäden,2010,201001,147
Verkehrsunfälle,mit Personenschäden,2010,201002,200
Verkehrsunfälle,mit Personenschäden,2010,201003,291
Verkehrsunfälle,mit Personenschäden,2010,201004,377
Verkehrsunfälle,mit Personenschäden,2010,201005,320
Verkehrsunfälle,mit Personenschäden,2010,201006,440
Verkehrsunfälle,mit Personenschäden,2010,201007,619
Verkehrsunfälle,mit Personenschäden,2010,201008,416
Verkehrsunfälle,mit Personenschäden,2010,201009,456
Verkehrsunfälle,mit Personenschäden,2010,201010,432
Verkehrsunfälle,mit Personenschäden,2010,201011,319
Verkehrsunfälle,mit Personenschäden,2010,201012,223
Verkehrsunfälle,mit Personenschäden,2009,Summe,4065
Verkehrsunfälle,mit Personenschäden,2009,200901,184
Verkehrsunfälle,mit Personenschäden,2009,200902,273
Verkehrsunfälle,mit Personenschäden,2009,200903,202
Verkehrsunfälle,mit Personenschäden,2009,200904,357
Verkehrsunfälle,mit Personenschäden,2009,200905,454
Verkehrsunfälle,mit Personenschäden,2009,200906,371
Verkehrsunfälle,mit Personenschäden,2009,200907,476
Verkehrsunfälle,mit Personenschäden,2009,200908,376
Verkehrsunfälle,mit Personenschäden,2009,200909,388
Verkehrsunfälle,mit Personenschäden,2009,200910,360
Verkehrsunfälle,mit Personenschäden,2009,200911,312
Verkehrsunfälle,mit Personenschäden,2009,200912,312
Verkehrsunfälle,mit Personenschäden,2008,Summe,4038
Verkehrsunfälle,mit Personenschäden,2008,200801,260
Verkehrsunfälle,mit Personenschäden,2008,200802,279
Verkehrsunfälle,mit Personenschäden,2008,200803,210
Verkehrsunfälle,mit Personenschäden,2008,200804,315
Verkehrsunfälle,mit Personenschäden,2008,200805,445
Verkehrsunfälle,mit Personenschäden,2008,200806,424
Verkehrsunfälle,mit Personenschäden,2008,200807,459
Verkehrsunfälle,mit Personenschäden,2008,200808,402
Verkehrsunfälle,mit Personenschäden,2008,200809,360
Verkehrsunfälle,mit Personenschäden,2008,200810,373
Verkehrsunfälle,mit Personenschäden,2008,200811,281
Verkehrsunfälle,mit Personenschäden,2008,200812,230
Verkehrsunfälle,mit Personenschäden,2007,Summe,4276
Verkehrsunfälle,mit Personenschäden,2007,200701,218
Verkehrsunfälle,mit Personenschäden,2007,200702,217
Verkehrsunfälle,mit Personenschäden,2007,200703,293
Verkehrsunfälle,mit Personenschäden,2007,200704,396
Verkehrsunfälle,mit Personenschäden,2007,200705,482
Verkehrsunfälle,mit Personenschäden,2007,200706,444
Verkehrsunfälle,mit Personenschäden,2007,200707,435
Verkehrsunfälle,mit Personenschäden,2007,200708,344
Verkehrsunfälle,mit Personenschäden,2007,200709,385
Verkehrsunfälle,mit Personenschäden,2007,200710,405
Verkehrsunfälle,mit Personenschäden,2007,200711,324
Verkehrsunfälle,mit Personenschäden,2007,200712,333
Verkehrsunfälle,mit Personenschäden,2006,Summe,4751
Verkehrsunfälle,mit Personenschäden,2006,200601,291
Verkehrsunfälle,mit Personenschäden,2006,200602,237
Verkehrsunfälle,mit Personenschäden,2006,200603,275
Verkehrsunfälle,mit Personenschäden,2006,200604,301
Verkehrsunfälle,mit Personenschäden,2006,200605,471
Verkehrsunfälle,mit Personenschäden,2006,200606,406
Verkehrsunfälle,mit Personenschäden,2006,200607,671
Verkehrsunfälle,mit Personenschäden,2006,200608,422
Verkehrsunfälle,mit Personenschäden,2006,200609,407
Verkehrsunfälle,mit Personenschäden,2006,200610,500
Verkehrsunfälle,mit Personenschäden,2006,200611,384
Verkehrsunfälle,mit Personenschäden,2006,200612,386
Verkehrsunfälle,mit Personenschäden,2005,Summe,5474
Verkehrsunfälle,mit Personenschäden,2005,200501,244
Verkehrsunfälle,mit Personenschäden,2005,200502,229
Verkehrsunfälle,mit Personenschäden,2005,200503,299
Verkehrsunfälle,mit Personenschäden,2005,200504,422
Verkehrsunfälle,mit Personenschäden,2005,200505,521
Verkehrsunfälle,mit Personenschäden,2005,200506,627
Verkehrsunfälle,mit Personenschäden,2005,200507,558
Verkehrsunfälle,mit Personenschäden,2005,200508,462
Verkehrsunfälle,mit Personenschäden,2005,200509,678
Verkehrsunfälle,mit Personenschäden,2005,200510,451
Verkehrsunfälle,mit Personenschäden,2005,200511,496
Verkehrsunfälle,mit Personenschäden,2005,200512,487
Verkehrsunfälle,mit Personenschäden,2004,Summe,5214
Verkehrsunfälle,mit Personenschäden,2004,200401,286
Verkehrsunfälle,mit Personenschäden,2004,200402,240
Verkehrsunfälle,mit Personenschäden,2004,200403,321
Verkehrsunfälle,mit Personenschäden,2004,200404,388
Verkehrsunfälle,mit Personenschäden,2004,200405,476
Verkehrsunfälle,mit Personenschäden,2004,200406,491
Verkehrsunfälle,mit Personenschäden,2004,200407,646
Verkehrsunfälle,mit Personenschäden,2004,200408,584
Verkehrsunfälle,mit Personenschäden,2004,200409,541
Verkehrsunfälle,mit Personenschäden,2004,200410,465
Verkehrsunfälle,mit Personenschäden,2004,200411,360
Verkehrsunfälle,mit Personenschäden,2004,200412,416
Verkehrsunfälle,mit Personenschäden,2003,Summe,5052
Verkehrsunfälle,mit Personenschäden,2003,200301,282
Verkehrsunfälle,mit Personenschäden,2003,200302,232
Verkehrsunfälle,mit Personenschäden,2003,200303,374
Verkehrsunfälle,mit Personenschäden,2003,200304,429
Verkehrsunfälle,mit Personenschäden,2003,200305,510
Verkehrsunfälle,mit Personenschäden,2003,200306,566
Verkehrsunfälle,mit Personenschäden,2003,200307,538
Verkehrsunfälle,mit Personenschäden,2003,200308,461
Verkehrsunfälle,mit Personenschäden,2003,200309,452
Verkehrsunfälle,mit Personenschäden,2003,200310,466
Verkehrsunfälle,mit Personenschäden,2003,200311,359
Verkehrsunfälle,mit Personenschäden,2003,200312,383
Verkehrsunfälle,mit Personenschäden,2002,Summe,5620
Verkehrsunfälle,mit Personenschäden,2002,200201,328
Verkehrsunfälle,mit Personenschäden,2002,200202,316
Verkehrsunfälle,mit Personenschäden,2002,200203,414
Verkehrsunfälle,mit Personenschäden,2002,200204,432
Verkehrsunfälle,mit Personenschäden,2002,200205,537
Verkehrsunfälle,mit Personenschäden,2002,200206,675
Verkehrsunfälle,mit Personenschäden,2002,200207,711
Verkehrsunfälle,mit Personenschäden,2002,200208,479
Verkehrsunfälle,mit Personenschäden,2002,200209,509
Verkehrsunfälle,mit Personenschäden,2002,200210,467
Verkehrsunfälle,mit Personenschäden,2002,200211,448
Verkehrsunfälle,mit Personenschäden,2002,200212,304
Verkehrsunfälle,mit Personenschäden,2001,Summe,5948
Verkehrsunfälle,mit Personenschäden,2001,200101,354
Verkehrsunfälle,mit Personenschäden,2001,200102,343
Verkehrsunfälle,mit Personenschäden,2001,200103,426
Verkehrsunfälle,mit Personenschäden,2001,200104,454
Verkehrsunfälle,mit Personenschäden,2001,200105,655
Verkehrsunfälle,mit Personenschäden,2001,200106,560
Verkehrsunfälle,mit Personenschäden,2001,200107,755
Verkehrsunfälle,mit Personenschäden,2001,200108,510
Verkehrsunfälle,mit Personenschäden,2001,200109,497
Verkehrsunfälle,mit Personenschäden,2001,200110,581
Verkehrsunfälle,mit Personenschäden,2001,200111,436
Verkehrsunfälle,mit Personenschäden,2001,200112,377
Verkehrsunfälle,mit Personenschäden,2000,Summe,5677
Verkehrsunfälle,mit Personenschäden,2000,200001,321
Verkehrsunfälle,mit Personenschäden,2000,200002,329
Verkehrsunfälle,mit Personenschäden,2000,200003,414
Verkehrsunfälle,mit Personenschäden,2000,200004,441
Verkehrsunfälle,mit Personenschäden,2000,200005,568
Verkehrsunfälle,mit Personenschäden,2000,200006,555
Verkehrsunfälle,mit Personenschäden,2000,200007,610
Verkehrsunfälle,mit Personenschäden,2000,200008,525
Verkehrsunfälle,mit Personenschäden,2000,200009,557
Verkehrsunfälle,mit Personenschäden,2000,200010,493
Verkehrsunfälle,mit Personenschäden,2000,200011,461
Verkehrsunfälle,mit Personenschäden,2000,200012,403
Verkehrsunfälle,Verletzte und Getötete,2022,202201,
Verkehrsunfälle,Verletzte und Getötete,2022,202202,
Verkehrsunfälle,Verletzte und Getötete,2022,202203,
Verkehrsunfälle,Verletzte und Getötete,2022,202204,
Verkehrsunfälle,Verletzte und Getötete,2022,202205,
Verkehrsunfälle,Verletzte und Getötete,2022,202206,
Verkehrsunfälle,Verletzte und Getötete,2022,202207,
Verkehrsunfälle,Verletzte und Getötete,2022,202208,
Verkehrsunfälle,Verletzte und Getötete,2022,202209,
Verkehrsunfälle,Verletzte und Getötete,2022,202210,
Verkehrsunfälle,Verletzte und Getötete,2022,202211,
Verkehrsunfälle,Verletzte und Getötete,2022,202212,
Verkehrsunfälle,Verletzte und Getötete,2021,Summe,5560
Verkehrsunfälle,Verletzte und Getötete,2021,202101,177
Verkehrsunfälle,Verletzte und Getötete,2021,202102,249
Verkehrsunfälle,Verletzte und Getötete,2021,202103,338
Verkehrsunfälle,Verletzte und Getötete,2021,202104,392
Verkehrsunfälle,Verletzte und Getötete,2021,202105,402
Verkehrsunfälle,Verletzte und Getötete,2021,202106,739
Verkehrsunfälle,Verletzte und Getötete,2021,202107,723
Verkehrsunfälle,Verletzte und Getötete,2021,202108,531
Verkehrsunfälle,Verletzte und Getötete,2021,202109,678
Verkehrsunfälle,Verletzte und Getötete,2021,202110,561
Verkehrsunfälle,Verletzte und Getötete,2021,202111,430
Verkehrsunfälle,Verletzte und Getötete,2021,202112,340
Verkehrsunfälle,Verletzte und Getötete,2020,Summe,5704
Verkehrsunfälle,Verletzte und Getötete,2020,202001,360
Verkehrsunfälle,Verletzte und Getötete,2020,202002,355
Verkehrsunfälle,Verletzte und Getötete,2020,202003,334
Verkehrsunfälle,Verletzte und Getötete,2020,202004,363
Verkehrsunfälle,Verletzte und Getötete,2020,202005,464
Verkehrsunfälle,Verletzte und Getötete,2020,202006,585
Verkehrsunfälle,Verletzte und Getötete,2020,202007,821
Verkehrsunfälle,Verletzte und Getötete,2020,202008,563
Verkehrsunfälle,Verletzte und Getötete,2020,202009,634
Verkehrsunfälle,Verletzte und Getötete,2020,202010,566
Verkehrsunfälle,Verletzte und Getötete,2020,202011,348
Verkehrsunfälle,Verletzte und Getötete,2020,202012,311
Verkehrsunfälle,Verletzte und Getötete,2019,Summe,6239
Verkehrsunfälle,Verletzte und Getötete,2019,201901,297
Verkehrsunfälle,Verletzte und Getötete,2019,201902,345
Verkehrsunfälle,Verletzte und Getötete,2019,201903,427
Verkehrsunfälle,Verletzte und Getötete,2019,201904,515
Verkehrsunfälle,Verletzte und Getötete,2019,201905,484
Verkehrsunfälle,Verletzte und Getötete,2019,201906,710
Verkehrsunfälle,Verletzte und Getötete,2019,201907,898
Verkehrsunfälle,Verletzte und Getötete,2019,201908,532
Verkehrsunfälle,Verletzte und Getötete,2019,201909,609
Verkehrsunfälle,Verletzte und Getötete,2019,201910,591
Verkehrsunfälle,Verletzte und Getötete,2019,201911,453
Verkehrsunfälle,Verletzte und Getötete,2019,201912,378
Verkehrsunfälle,Verletzte und Getötete,2018,Summe,6527
Verkehrsunfälle,Verletzte und Getötete,2018,201801,350
Verkehrsunfälle,Verletzte und Getötete,2018,201802,328
Verkehrsunfälle,Verletzte und Getötete,2018,201803,383
Verkehrsunfälle,Verletzte und Getötete,2018,201804,619
Verkehrsunfälle,Verletzte und Getötete,2018,201805,640
Verkehrsunfälle,Verletzte und Getötete,2018,201806,732
Verkehrsunfälle,Verletzte und Getötete,2018,201807,852
Verkehrsunfälle,Verletzte und Getötete,2018,201808,529
Verkehrsunfälle,Verletzte und Getötete,2018,201809,645
Verkehrsunfälle,Verletzte und Getötete,2018,201810,616
Verkehrsunfälle,Verletzte und Getötete,2018,201811,485
Verkehrsunfälle,Verletzte und Getötete,2018,201812,348
Verkehrsunfälle,Verletzte und Getötete,2017,Summe,6058
Verkehrsunfälle,Verletzte und Getötete,2017,201701,307
Verkehrsunfälle,Verletzte und Getötete,2017,201702,334
Verkehrsunfälle,Verletzte und Getötete,2017,201703,486
Verkehrsunfälle,Verletzte und Getötete,2017,201704,439
Verkehrsunfälle,Verletzte und Getötete,2017,201705,631
Verkehrsunfälle,Verletzte und Getötete,2017,201706,668
Verkehrsunfälle,Verletzte und Getötete,2017,201707,752
Verkehrsunfälle,Verletzte und Getötete,2017,201708,504
Verkehrsunfälle,Verletzte und Getötete,2017,201709,546
Verkehrsunfälle,Verletzte und Getötete,2017,201710,572
Verkehrsunfälle,Verletzte und Getötete,2017,201711,443
Verkehrsunfälle,Verletzte und Getötete,2017,201712,376
Verkehrsunfälle,Verletzte und Getötete,2016,Summe,6409
Verkehrsunfälle,Verletzte und Getötete,2016,201601,380
Verkehrsunfälle,Verletzte und Getötete,2016,201602,351
Verkehrsunfälle,Verletzte und Getötete,2016,201603,370
Verkehrsunfälle,Verletzte und Getötete,2016,201604,545
Verkehrsunfälle,Verletzte und Getötete,2016,201605,602
Verkehrsunfälle,Verletzte und Getötete,2016,201606,691
Verkehrsunfälle,Verletzte und Getötete,2016,201607,742
Verkehrsunfälle,Verletzte und Getötete,2016,201608,540
Verkehrsunfälle,Verletzte und Getötete,2016,201609,759
Verkehrsunfälle,Verletzte und Getötete,2016,201610,559
Verkehrsunfälle,Verletzte und Getötete,2016,201611,489
Verkehrsunfälle,Verletzte und Getötete,2016,201612,381
Verkehrsunfälle,Verletzte und Getötete,2015,Summe,6524
Verkehrsunfälle,Verletzte und Getötete,2015,201501,334
Verkehrsunfälle,Verletzte und Getötete,2015,201502,321
Verkehrsunfälle,Verletzte und Getötete,2015,201503,471
Verkehrsunfälle,Verletzte und Getötete,2015,201504,598
Verkehrsunfälle,Verletzte und Getötete,2015,201505,604
Verkehrsunfälle,Verletzte und Getötete,2015,201506,673
Verkehrsunfälle,Verletzte und Getötete,2015,201507,809
Verkehrsunfälle,Verletzte und Getötete,2015,201508,546
Verkehrsunfälle,Verletzte und Getötete,2015,201509,614
Verkehrsunfälle,Verletzte und Getötete,2015,201510,569
Verkehrsunfälle,Verletzte und Getötete,2015,201511,506
Verkehrsunfälle,Verletzte und Getötete,2015,201512,479
Verkehrsunfälle,Verletzte und Getötete,2014,Summe,6668
Verkehrsunfälle,Verletzte und Getötete,2014,201401,412
Verkehrsunfälle,Verletzte und Getötete,2014,201402,372
Verkehrsunfälle,Verletzte und Getötete,2014,201403,559
Verkehrsunfälle,Verletzte und Getötete,2014,201404,549
Verkehrsunfälle,Verletzte und Getötete,2014,201405,671
Verkehrsunfälle,Verletzte und Getötete,2014,201406,656
Verkehrsunfälle,Verletzte und Getötete,2014,201407,783
Verkehrsunfälle,Verletzte und Getötete,2014,201408,517
Verkehrsunfälle,Verletzte und Getötete,2014,201409,620
Verkehrsunfälle,Verletzte und Getötete,2014,201410,652
Verkehrsunfälle,Verletzte und Getötete,2014,201411,464
Verkehrsunfälle,Verletzte und Getötete,2014,201412,413
Verkehrsunfälle,Verletzte und Getötete,2013,Summe,6522
Verkehrsunfälle,Verletzte und Getötete,2013,201301,320
Verkehrsunfälle,Verletzte und Getötete,2013,201302,326
Verkehrsunfälle,Verletzte und Getötete,2013,201303,350
Verkehrsunfälle,Verletzte und Getötete,2013,201304,523
Verkehrsunfälle,Verletzte und Getötete,2013,201305,530
Verkehrsunfälle,Verletzte und Getötete,2013,201306,734
Verkehrsunfälle,Verletzte und Getötete,2013,201307,976
Verkehrsunfälle,Verletzte und Getötete,2013,201308,645
Verkehrsunfälle,Verletzte und Getötete,2013,201309,617
Verkehrsunfälle,Verletzte und Getötete,2013,201310,595
Verkehrsunfälle,Verletzte und Getötete,2013,201311,483
Verkehrsunfälle,Verletzte und Getötete,2013,201312,423
Verkehrsunfälle,Verletzte und Getötete,2012,Summe,6404
Verkehrsunfälle,Verletzte und Getötete,2012,201201,338
Verkehrsunfälle,Verletzte und Getötete,2012,201202,290
Verkehrsunfälle,Verletzte und Getötete,2012,201203,526
Verkehrsunfälle,Verletzte und Getötete,2012,201204,485
Verkehrsunfälle,Verletzte und Getötete,2012,201205,719
Verkehrsunfälle,Verletzte und Getötete,2012,201206,681
Verkehrsunfälle,Verletzte und Getötete,2012,201207,730
Verkehrsunfälle,Verletzte und Getötete,2012,201208,635
Verkehrsunfälle,Verletzte und Getötete,2012,201209,632
Verkehrsunfälle,Verletzte und Getötete,2012,201210,580
Verkehrsunfälle,Verletzte und Getötete,2012,201211,471
Verkehrsunfälle,Verletzte und Getötete,2012,201212,317
Verkehrsunfälle,Verletzte und Getötete,2011,Summe,5869
Verkehrsunfälle,Verletzte und Getötete,2011,201101,328
Verkehrsunfälle,Verletzte und Getötete,2011,201102,343
Verkehrsunfälle,Verletzte und Getötete,2011,201103,425
Verkehrsunfälle,Verletzte und Getötete,2011,201104,604
Verkehrsunfälle,Verletzte und Getötete,2011,201105,765
Verkehrsunfälle,Verletzte und Getötete,2011,201106,472
Verkehrsunfälle,Verletzte und Getötete,2011,201107,637
Verkehrsunfälle,Verletzte und Getötete,2011,201108,487
Verkehrsunfälle,Verletzte und Getötete,2011,201109,519
Verkehrsunfälle,Verletzte und Getötete,2011,201110,481
Verkehrsunfälle,Verletzte und Getötete,2011,201111,438
Verkehrsunfälle,Verletzte und Getötete,2011,201112,370
Verkehrsunfälle,Verletzte und Getötete,2010,Summe,4822
Verkehrsunfälle,Verletzte und Getötete,2010,201001,192
Verkehrsunfälle,Verletzte und Getötete,2010,201002,247
Verkehrsunfälle,Verletzte und Getötete,2010,201003,341
Verkehrsunfälle,Verletzte und Getötete,2010,201004,216
Verkehrsunfälle,Verletzte und Getötete,2010,201005,389
Verkehrsunfälle,Verletzte und Getötete,2010,201006,517
Verkehrsunfälle,Verletzte und Getötete,2010,201007,721
Verkehrsunfälle,Verletzte und Getötete,2010,201008,481
Verkehrsunfälle,Verletzte und Getötete,2010,201009,534
Verkehrsunfälle,Verletzte und Getötete,2010,201010,524
Verkehrsunfälle,Verletzte und Getötete,2010,201011,383
Verkehrsunfälle,Verletzte und Getötete,2010,201012,277
Verkehrsunfälle,Verletzte und Getötete,2009,Summe,4865
Verkehrsunfälle,Verletzte und Getötete,2009,200901,223
Verkehrsunfälle,Verletzte und Getötete,2009,200902,340
Verkehrsunfälle,Verletzte und Getötete,2009,200903,245
Verkehrsunfälle,Verletzte und Getötete,2009,200904,416
Verkehrsunfälle,Verletzte und Getötete,2009,200905,535
Verkehrsunfälle,Verletzte und Getötete,2009,200906,443
Verkehrsunfälle,Verletzte und Getötete,2009,200907,556
Verkehrsunfälle,Verletzte und Getötete,2009,200908,466
Verkehrsunfälle,Verletzte und Getötete,2009,200909,452
Verkehrsunfälle,Verletzte und Getötete,2009,200910,432
Verkehrsunfälle,Verletzte und Getötete,2009,200911,366
Verkehrsunfälle,Verletzte und Getötete,2009,200912,391
Verkehrsunfälle,Verletzte und Getötete,2008,Summe,4751
Verkehrsunfälle,Verletzte und Getötete,2008,200801,307
Verkehrsunfälle,Verletzte und Getötete,2008,200802,340
Verkehrsunfälle,Verletzte und Getötete,2008,200803,254
Verkehrsunfälle,Verletzte und Getötete,2008,200804,355
Verkehrsunfälle,Verletzte und Getötete,2008,200805,534
Verkehrsunfälle,Verletzte und Getötete,2008,200806,473
Verkehrsunfälle,Verletzte und Getötete,2008,200807,538
Verkehrsunfälle,Verletzte und Getötete,2008,200808,480
Verkehrsunfälle,Verletzte und Getötete,2008,200809,422
Verkehrsunfälle,Verletzte und Getötete,2008,200810,455
Verkehrsunfälle,Verletzte und Getötete,2008,200811,321
Verkehrsunfälle,Verletzte und Getötete,2008,200812,272
Verkehrsunfälle,Verletzte und Getötete,2007,Summe,5223
Verkehrsunfälle,Verletzte und Getötete,2007,200701,268
Verkehrsunfälle,Verletzte und Getötete,2007,200702,277
Verkehrsunfälle,Verletzte und Getötete,2007,200703,347
Verkehrsunfälle,Verletzte und Getötete,2007,200704,500
Verkehrsunfälle,Verletzte und Getötete,2007,200705,591
Verkehrsunfälle,Verletzte und Getötete,2007,200706,535
Verkehrsunfälle,Verletzte und Getötete,2007,200707,511
Verkehrsunfälle,Verletzte und Getötete,2007,200708,422
Verkehrsunfälle,Verletzte und Getötete,2007,200709,462
Verkehrsunfälle,Verletzte und Getötete,2007,200710,491
Verkehrsunfälle,Verletzte und Getötete,2007,200711,405
Verkehrsunfälle,Verletzte und Getötete,2007,200712,414
Verkehrsunfälle,Verletzte und Getötete,2006,Summe,5804
Verkehrsunfälle,Verletzte und Getötete,2006,200601,364
Verkehrsunfälle,Verletzte und Getötete,2006,200602,279
Verkehrsunfälle,Verletzte und Getötete,2006,200603,375
Verkehrsunfälle,Verletzte und Getötete,2006,200604,387
Verkehrsunfälle,Verletzte und Getötete,2006,200605,564
Verkehrsunfälle,Verletzte und Getötete,2006,200606,479
Verkehrsunfälle,Verletzte und Getötete,2006,200607,787
Verkehrsunfälle,Verletzte und Getötete,2006,200608,513
Verkehrsunfälle,Verletzte und Getötete,2006,200609,490
Verkehrsunfälle,Verletzte und Getötete,2006,200610,632
Verkehrsunfälle,Verletzte und Getötete,2006,200611,468
Verkehrsunfälle,Verletzte und Getötete,2006,200612,466
Verkehrsunfälle,Verletzte und Getötete,2005,Summe,6402
Verkehrsunfälle,Verletzte und Getötete,2005,200501,306
Verkehrsunfälle,Verletzte und Getötete,2005,200502,282
Verkehrsunfälle,Verletzte und Getötete,2005,200503,385
Verkehrsunfälle,Verletzte und Getötete,2005,200504,514
Verkehrsunfälle,Verletzte und Getötete,2005,200505,618
Verkehrsunfälle,Verletzte und Getötete,2005,200506,729
Verkehrsunfälle,Verletzte und Getötete,2005,200507,675
Verkehrsunfälle,Verletzte und Getötete,2005,200508,582
Verkehrsunfälle,Verletzte und Getötete,2005,200509,825
Verkehrsunfälle,Verletzte und Getötete,2005,200510,568
Verkehrsunfälle,Verletzte und Getötete,2005,200511,458
Verkehrsunfälle,Verletzte und Getötete,2005,200512,460
Verkehrsunfälle,Verletzte und Getötete,2004,Summe,6219
Verkehrsunfälle,Verletzte und Getötete,2004,200401,377
Verkehrsunfälle,Verletzte und Getötete,2004,200402,310
Verkehrsunfälle,Verletzte und Getötete,2004,200403,403
Verkehrsunfälle,Verletzte und Getötete,2004,200404,461
Verkehrsunfälle,Verletzte und Getötete,2004,200405,600
Verkehrsunfälle,Verletzte und Getötete,2004,200406,598
Verkehrsunfälle,Verletzte und Getötete,2004,200407,811
Verkehrsunfälle,Verletzte und Getötete,2004,200408,584
Verkehrsunfälle,Verletzte und Getötete,2004,200409,659
Verkehrsunfälle,Verletzte und Getötete,2004,200410,561
Verkehrsunfälle,Verletzte und Getötete,2004,200411,439
Verkehrsunfälle,Verletzte und Getötete,2004,200412,416
Verkehrsunfälle,Verletzte und Getötete,2003,Summe,6365
Verkehrsunfälle,Verletzte und Getötete,2003,200301,358
Verkehrsunfälle,Verletzte und Getötete,2003,200302,308
Verkehrsunfälle,Verletzte und Getötete,2003,200303,476
Verkehrsunfälle,Verletzte und Getötete,2003,200304,535
Verkehrsunfälle,Verletzte und Getötete,2003,200305,632
Verkehrsunfälle,Verletzte und Getötete,2003,200306,723
Verkehrsunfälle,Verletzte und Getötete,2003,200307,644
Verkehrsunfälle,Verletzte und Getötete,2003,200308,577
Verkehrsunfälle,Verletzte und Getötete,2003,200309,560
Verkehrsunfälle,Verletzte und Getötete,2003,200310,595
Verkehrsunfälle,Verletzte und Getötete,2003,200311,464
Verkehrsunfälle,Verletzte und Getötete,2003,200312,493
Verkehrsunfälle,Verletzte und Getötete,2002,Summe,7026
Verkehrsunfälle,Verletzte und Getötete,2002,200201,431
Verkehrsunfälle,Verletzte und Getötete,2002,200202,393
Verkehrsunfälle,Verletzte und Getötete,2002,200203,520
Verkehrsunfälle,Verletzte und Getötete,2002,200204,521
Verkehrsunfälle,Verletzte und Getötete,2002,200205,654
Verkehrsunfälle,Verletzte und Getötete,2002,200206,833
Verkehrsunfälle,Verletzte und Getötete,2002,200207,865
Verkehrsunfälle,Verletzte und Getötete,2002,200208,601
Verkehrsunfälle,Verletzte und Getötete,2002,200209,621
Verkehrsunfälle,Verletzte und Getötete,2002,200210,630
Verkehrsunfälle,Verletzte und Getötete,2002,200211,563
Verkehrsunfälle,Verletzte und Getötete,2002,200212,394
Verkehrsunfälle,Verletzte und Getötete,2001,Summe,7452
Verkehrsunfälle,Verletzte und Getötete,2001,200101,448
Verkehrsunfälle,Verletzte und Getötete,2001,200102,439
Verkehrsunfälle,Verletzte und Getötete,2001,200103,535
Verkehrsunfälle,Verletzte und Getötete,2001,200104,578
Verkehrsunfälle,Verletzte und Getötete,2001,200105,817
Verkehrsunfälle,Verletzte und Getötete,2001,200106,679
Verkehrsunfälle,Verletzte und Getötete,2001,200107,921
Verkehrsunfälle,Verletzte und Getötete,2001,200108,600
Verkehrsunfälle,Verletzte und Getötete,2001,200109,643
Verkehrsunfälle,Verletzte und Getötete,2001,200110,717
Verkehrsunfälle,Verletzte und Getötete,2001,200111,568
Verkehrsunfälle,Verletzte und Getötete,2001,200112,507
Verkehrsunfälle,Verletzte und Getötete,2000,Summe,7053
Verkehrsunfälle,Verletzte und Getötete,2000,200001,434
Verkehrsunfälle,Verletzte und Getötete,2000,200002,419
Verkehrsunfälle,Verletzte und Getötete,2000,200003,509
Verkehrsunfälle,Verletzte und Getötete,2000,200004,557
Verkehrsunfälle,Verletzte und Getötete,2000,200005,675
Verkehrsunfälle,Verletzte und Getötete,2000,200006,685
Verkehrsunfälle,Verletzte und Getötete,2000,200007,744
Verkehrsunfälle,Verletzte und Getötete,2000,200008,647
Verkehrsunfälle,Verletzte und Getötete,2000,200009,675
Verkehrsunfälle,Verletzte und Getötete,2000,200010,615
Verkehrsunfälle,Verletzte und Getötete,2000,200011,578
Verkehrsunfälle,Verletzte und Getötete,2000,200012,515
